puuid,tier,winrate_zscore,kda_zscore,dmg_share,gold_share,avg_game_time,champ_mastery_entropy,avg_kill_participation,avg_gold_per_min,avg_damage_per_min,avg_vision_per_min,team_first_blood_rate,team_first_tower_rate,team_first_dragon_rate,player_first_blood_rate,current_win_streak,current_loss_streak,longest_win_streak_20,longest_loss_streak_20,recent_winrate_5,recent_winrate_10,winrate_trend_10,recent_kda_5,recent_kda_10,kda_trend_10,kda_volatility_10,prediction,anomaly_score,is_anomaly,summoner_name
1PFgKHQiofr-W901_3xtpmEmARd8gHPjQL_9yXpkhS71plYYK5Huj8KfJYkTM66P6fX69S_NKpk70w,Bronze,0.3528474830467493,1.0657380889261905,0.3243870486486325,0.2662677807433776,1732.1875,1.7547404264637472,0.5661942966536393,560.2670091790214,1257.182805951713,0.6437508237209333,0.5625,0.5625,0.65625,0.34375,6,0,6,2,1.0,0.8,0.1,10.533333333333331,6.753571428571428,0.7430086580086579,7.842023783318984,-1,-0.6286261005235292,True,Suisu#babi
WF65F-_HCot6kQtZsL8nS6pdXkoN_qkWXJMfAVrDYi1kf_FTwYt86j1gPlMNzXofVk78Rq4yUiAtgQ,Iron,0.4989291931773007,2.519337542798507,0.0951395009875425,0.153885525603966,1708.5,-1.4428232973175177e-12,0.5897107094497905,304.4980690215692,362.0113205365524,1.8822074405221387,0.8333333333333334,0.6666666666666666,0.8333333333333334,0.1666666666666666,1,0,2,1,0.6,0.6666666666666666,0.0,7.10952380952381,10.424603174603176,0.0,9.914681547023402,-1,-0.6246369014004055,True,mtfbaseball#380
90PJL5lNdRZ3146DByjiWAV-2S0NJTM9ORHV_SVdMT2DyAUHJ7I9DBfMC5QN_pCNwnTMewYpi94YVw,Emerald,0.5893476583319055,1.589164504527194,0.2379045094521422,0.2336929887542281,1460.8666666666666,2.394949047719159,0.6378363968145094,509.95000263765183,857.4642914956214,0.919118591638973,0.5333333333333333,0.6333333333333333,0.4666666666666667,0.3666666666666666,4,0,4,1,0.8,0.8,0.0,13.25,12.405,3.174603174603174,8.360097188430288,-1,-0.6234640696641682,True,SøulSilver#EUW
ney3E9eWVaFO8G2_Lq72yuErs8gO-2HwkCdNLiISz4Wr1ZfrQPvje64UK3kDyXHlXVOoDwZSXZ2PIw,Iron,0.0165967209613368,1.507988443564284,0.3298764333859151,0.2394794523447786,1679.571428571429,-1.4428232973175177e-12,0.4375564152544045,464.40603801520086,1251.6222776384482,0.7686130660167406,0.7142857142857143,0.7142857142857143,0.4285714285714285,0.5714285714285714,0,1,2,2,0.6,0.4285714285714285,0.0,9.459090909090907,7.247564935064935,0.0,10.188704268362908,-1,-0.6130139309120912,True,20Lucky01#EUW
_Gp_EDtCvxK-IJDs2HhYlbPawU0eIURYZWCD1VPnQ8rZPJRUU94mYzDZPTVeMeFdZsiaXTWpdo_kng,Gold,0.0085087781557535,0.5228045389946256,0.1026014437495836,0.150944784621901,1760.96,3.2181719394502,0.5437786543726133,309.1894984360612,370.5002361111829,2.485486826663846,0.5,0.58,0.48,0.18,9,0,9,6,1.0,0.9,0.6000000000000001,7.752380952380951,8.446406926406926,5.870487012987012,6.937415074877739,-1,-0.6127379554732706,True,grinder#8000
QXycH164MhzKh8fu-VXRCfLf5zDlgeqABXejT40MnVckF1mstZdy7RoIer2NIS_fhiV2RancpyY8wA,Emerald,0.4823483989131086,0.2410364731915164,0.22883604513323,0.2035618878962596,1761.68,2.539811687529763,0.4174498837610603,440.9077733189208,861.992853290203,0.634404542983048,0.52,0.56,0.64,0.12,11,0,11,2,1.0,1.0,0.5,10.61904761904762,8.05,5.71624458874459,6.111923312343155,-1,-0.6032511763223946,True,Blackbeee#EUW
Jtl0BZhE9qZKza2LMVElN2SCfwxSc_GDQLJh7dG65gucXXW2vgYdve0Rf0y90c0ZzjrN3O1UTMwPdA,Master,0.2522798966897556,0.2279211153301806,0.0924806016426963,0.1402547805413392,1565.3,3.041273262369691,0.6026489886626256,312.3035708622599,355.75562445322817,3.198320701411989,0.6,0.62,0.56,0.28,6,0,6,5,1.0,0.9,0.6000000000000001,8.18,5.765555555555555,2.3551984126984125,5.809584354355342,-1,-0.5969099384177345,True,Honey Bee#pivel
KH5XAsmB6PE5zZLxLMQ4vnomRheR1TTNY2oFWEmNeDnjr__kSf20ynOkKx-gfOyxfNGUlLuQSvDzcA,Iron,0.3638761009568308,2.1290022089025618,0.114005961515217,0.1540453751979975,2110.0,1.2954618442339938,0.5854726194857773,298.10995431815,430.4264433276309,1.0704779166091123,0.6,0.4,0.5,0.4,2,0,2,2,0.8,0.6,0.0,5.506818181818181,9.198409090909092,0.0,9.938560123296542,-1,-0.5950058795798231,True,Thalmie#mama
DJqhL8WU46_6wguLL2WpN2MqrgxFxVqIX2nzPrX50xO12JjUDhgBEkhB2RIulHClN1_xJZgMZktjEA,Bronze,0.5778975434972998,1.0370269846031754,0.3655053818226702,0.2467559865280619,1646.2,1.921928094881592,0.5317920735595154,518.0715944848589,1398.791675155224,0.6280574856369194,0.8,0.6,0.6,0.2,3,0,3,1,0.8,0.8,0.0,7.120833333333333,7.120833333333333,0.0,5.333274739261465,-1,-0.5898146733685674,True,AMIN RAYEN#EUW
9HaIeEqbMNYfuhdF43LlGKjbrlM5Xbu4RpJsAReb3wlhx-NqZCixY-XH7n6kdfqUp54oP0Iq53fTuA,Iron,0.0165967209613368,1.133813597884482,0.211157572214161,0.1786975523172356,1449.928571428571,2.6644977791903623,0.3839866419823839,322.4288384160246,574.2458592781867,1.2091914602842782,0.2857142857142857,0.4285714285714285,0.2857142857142857,0.0714285714285714,0,4,4,4,0.2,0.5,0.25,0.6222222222222222,7.231944444444446,4.059325396825399,10.962967352116864,-1,-0.5893127777385957,True,яx7#ЖЖЖ
aiYJfkj7BDvk-aYK6RouWcQUsXIPfVLTWEv4oWyHLgnhI5QqnBu7ZKJ-EMfWoNiFALZZ1FV9H7zT5A,Emerald,0.2014753429387668,0.8819009753130147,0.2684850777602215,0.2481271157430652,1510.9,0.2822921890780868,0.6411437062184879,534.3295321913871,958.8400266083167,0.8794507239996918,0.56,0.52,0.64,0.26,1,0,4,1,0.6,0.7,0.0,10.82,9.693333333333332,0.5188888888888883,9.944834505075152,-1,-0.5865857099758143,True,MECARRY4NOBRAINS#6077
lA0wM7trtSYEVDMu0dwkyZPpWEnLWMofFKkz0nbvmUrYGGODdwHvlzT7vbqNaPaGd9V9Fp4wSgs6LA,Iron,-0.0919280852872549,1.5358079364861326,0.3159908864492152,0.2514583711904477,1522.75,1.7499999999942293,0.5710774635003926,476.9702674784249,1163.711057948138,0.7163860740395694,0.5,0.25,0.75,0.125,0,2,1,2,0.4,0.375,0.0,9.002597402597402,7.33495670995671,0.0,5.503018033829315,-1,-0.586465253943623,True,Trywkimorm#5947
LgDPgRAiG2DCCl6gFmawg9X__6xU0eZhqKMfN-Zf3fKYr22AJmLDrizhmwhdBB_H0u_QIqLeph0XUw,Iron,-0.4464424523659884,0.6000049813948944,0.1269590237712653,0.1825452943302768,1739.7333333333331,3.189898095449861,0.3221223030255288,308.4068002032784,313.4334662948089,0.5552646276974497,0.4,0.2666666666666666,0.3333333333333333,0.0,0,2,2,9,0.4,0.2,0.0,10.1,5.726190476190476,3.992857142857143,6.876454700767008,-1,-0.5852046812151203,True,goosterbooster#EUW
rKWP16ORWQ2sR4Owaqv9ibK-FpbVKuqn4-d1V1OUlTyUmFGyWJ5ErzkP50tu5Z665GRkuyxHjGfZXg,Bronze,0.0577818482338055,0.8995070159814991,0.0747868047695378,0.1396192781185124,1941.64,2.4316752953452845,0.5490877160592158,271.8757817591476,261.2670029788228,1.7711929401094226,0.58,0.62,0.52,0.14,2,0,7,4,0.8,0.9,0.6000000000000001,4.227777777777778,8.680555555555555,4.924285714285714,6.943780523818632,-1,-0.585141743519053,True,NormalRafa#EUW
ptyrmaVDgBMEs1-ZaPbaPiCtUgxmsMH7RV1shzgFm3DKaR_ZND4E3GpqoPx1e9h37zom-lRLRcXjvw,Iron,-0.0412831757045787,0.7151132403350997,0.0500904097145789,0.139571766599685,1893.8,-1.4428232973175177e-12,0.4608333333333333,275.6577341565814,171.42022707906693,1.9977654478190063,0.8,0.4,0.2,0.0,1,0,1,3,0.4,0.4,0.0,4.756837606837608,4.756837606837608,0.0,5.2937048857984905,-1,-0.5849841366691639,True,ThyBeardedDan#LGBTQ
eqHwgnkHu6Mo7VHpDPUBoExcfs1rP9rDP3wIae63qNz6CheQkm88ro4EMjm2FMMOiW9j4nwoLL8i1Q,Emerald,0.2817247875028645,1.459071635050381,0.0761316994765926,0.1547345166711004,1744.42,0.7772685007251497,0.6151439947244343,324.8258885345289,281.6531253412897,2.2627013168558854,0.58,0.46,0.44,0.14,3,0,6,1,0.8,0.8,0.0,12.671428571428573,11.479047619047618,2.033214285714285,6.251715846102425,-1,-0.5842119934335281,True,ZileanOutOfFog#RIDER
KBXitU7vrnfJYo1gq5nixbNuk48zlIMK1bLlBpP-Be7iMMVCTgT8qkxZ3L25Fd8-5Nz2Ao8rhG0HRg,Iron,0.4989291931773007,1.5529762097237647,0.105848318987368,0.15561528505739,1588.6666666666667,0.6500224216454689,0.5071657754010694,315.6646148082023,364.08463709376616,2.577252239429711,0.6666666666666666,0.6666666666666666,0.5,0.6666666666666666,1,0,2,1,0.6,0.6666666666666666,0.0,8.016666666666667,7.388888888888889,0.0,5.778245173402615,-1,-0.5822215254429098,True,HOSPITALIZADO22#Mora
cy-eXBoJeljUM2oG_HbECq4LQhZB1o-8k1h42xQ4WggfsEhJPHBBXVjos6L2E2Ut8fUksI8VyBw9Xg,Emerald,0.1613506206567179,1.235627782687618,0.1069631515696631,0.1449876832171912,1514.66,2.7396669531420144,0.6049551214205124,293.34271244357853,325.7221626032481,2.011543870990958,0.64,0.58,0.56,0.36,1,0,3,4,0.8,0.6,0.1999999999999999,12.506666666666666,8.298333333333334,1.9383333333333328,7.284810872249495,-1,-0.5815543518506933,True,l Love Kalista#EUW
voNNNAEq0AlDBqrmi9FDwEK_Gcp3BN1xPRRRkwjrg1sMMK-yL74FYZWOnXLfH3MS8Z0HrviO0xl6QA,Diamond,0.1718512581449812,0.5389336433803935,0.1903871834995479,0.2085718864308977,1733.74,1.1354312795503865,0.5443178357958303,446.1100658171909,725.7218604561218,1.3089926698368328,0.54,0.42,0.62,0.16,7,0,7,3,1.0,0.8,0.2,16.43333333333333,10.166666666666668,6.247380952380953,9.01172076304582,-1,-0.5815383107318309,True,ShacoTism#123
NpzTLSSTEsonAVf-13mtfdMmuEMtLBximtruUQfokosECyvmglmhZX3dsEPZE8PQcCfkZxWadMq2lA,Iron,0.0397486796277031,1.603239631217939,0.2395014295124322,0.1974624672936819,2078.18,0.6211884030722467,0.5480426360959086,361.54645266756086,910.7712893969618,1.338703589544877,0.62,0.4,0.6,0.24,3,0,3,5,0.6,0.5,0.2,20.142857142857142,12.315,4.854880952380954,10.650312082234002,-1,-0.5800822638187969,True,KellysHeroes#EUW
KTj1e15ERpIsQTdAMOz1lbE5sX8iKfUzb5TwyJ5RlLU6xV4XHtw_NFgP158Nifkq8Mw-KvU-q3jqYg,Master,-0.0283724512731933,-0.0331627060037521,0.1257934603761498,0.1547616155637903,1566.72,3.6981719394473154,0.6003370393726989,324.843788154713,429.6912335840001,2.8586419955576794,0.58,0.5,0.48,0.3,7,0,7,3,1.0,0.9,0.5,5.014285714285714,6.06517316017316,2.8468795093795087,6.203479905036985,-1,-0.5785891803603966,True,CrıstinaFerreira#certa
9NykM5CM3CnpQgkZhlSW3LAHz2N9vyb1zjM14msSVX255oXyU4ZpidyZq9HtRDbIxG9nl8wHYcZljw,Master,0.0518139338590778,0.6447996037041187,0.0888810264704192,0.1449280715811717,1616.28,2.557724439842822,0.5907692454910084,311.76911324394973,345.1169216956192,3.047758664272722,0.62,0.6,0.54,0.08,2,0,3,4,0.8,0.5,0.0999999999999999,10.3,8.855357142857143,4.981071428571428,9.203179249086498,-1,-0.5783585801997599,True,Sïgma#EUW
dVRrHIDC_AMlcJN--G1-upuNWvADB7hqff7BgCdsAQnD3N_FAqJjb_SNk8_zi2MohrUqXtKXsx6ajQ,Diamond,-0.148896776542145,0.0267001978879091,0.1478726706844577,0.1545235090263951,1815.86,1.354854218767064,0.5627627359458511,330.0548621947218,571.2797666404587,2.7286322206185862,0.52,0.46,0.36,0.28,0,10,4,10,0.0,0.0,-0.7,2.197619047619048,2.8837301587301587,-2.5404761904761903,2.127221061489484,-1,-0.577627731597883,True,unstable player#EUW
wT4SpLnGck-Qe7EBjw0Vwnli1Dptt3hU3dJd-fiR-K2O2zxOxPqOGamUTkLlKx1o8QpwX4VC-AM45Q,Master,0.0117207412929422,-0.2433968068748866,0.2749478620477849,0.2481622216695198,1600.32,3.507277761286877,0.5473009160613609,536.5635739929471,1035.4990613412824,0.8209800707771037,0.52,0.42,0.64,0.22,0,6,13,6,0.0,0.4,-0.5,1.5546031746031748,3.6189682539682537,0.8065440115440112,4.066474761744658,-1,-0.5767195072482754,True,getogetogeto#EUW
-6GTy3MIe3mhqQEKzr-vGSWEjkQno_Ot0t87Hoi9UO98wbo3OwrhoasCKO7HOKKcopcBh4BYts1R5g,Iron,0.0346841886694355,1.138980990059115,0.0519115869161753,0.1473115738604881,2080.3125,0.9933927290045916,0.5262720242727521,270.5408360039713,174.22484087990023,1.728380770021488,0.4375,0.375,0.375,0.1875,2,0,4,4,0.6,0.6,0.4333333333333333,6.257142857142857,7.983333333333332,5.053235653235653,5.628704877154629,-1,-0.5753927421302348,True,SeekerBlood#666
WphdLkVB-aVKu_2jFGJ2x5fm7CvB1dsvoZBZ6C9SzhnRXnVmEjhALhm6kPfGSu4VGys40F4V5YIz_Q,Bronze,-0.1022537503088081,1.2118664266429255,0.1233798213606676,0.1498982786072672,1864.32,0.8584707364948319,0.5752883222221628,280.7623237423308,362.80157530202735,2.100373232275763,0.54,0.3,0.44,0.26,3,0,4,4,0.8,0.6,0.0999999999999999,12.4,8.766666666666666,-2.023333333333333,6.296471675117387,-1,-0.5739479850036382,True,Almaozzy#EUW
Unb3Qu1WqitXmPuqUADiP3TfjWAaRV5x_AZrz1IvwZpJve1OflPtD8O5qyyRt6E0fiGQPQ1bkrcN9w,Emerald,0.0811011760926203,0.7284425395135904,0.070999848245577,0.1414666473132254,1795.88,0.6060906530289772,0.5843085106591797,293.3552199708572,273.1031022789637,2.8467646236709463,0.48,0.46,0.48,0.16,3,0,3,2,0.6,0.5,-0.0999999999999999,13.16,8.639999999999999,1.7142929292929274,9.272561674100636,-1,-0.5739057177796139,True,CloudedAlex#EUW
F3V-sCrG1H4bY4FLVjYLf-WD9QjaM7ENnKig9NyxtE_l_UB4uGy-NCmS_qDNV7hIdfVlENbaB_jQ0w,Emerald,0.361974232066962,0.431940649488243,0.2204151939840365,0.2115428191677724,1592.26,4.531663380241268,0.5602946811469607,444.2918746651149,816.67760376119,1.3536995076156288,0.7,0.64,0.5,0.4,3,0,11,1,0.8,0.8,-0.1999999999999999,9.396666666666668,9.265,2.748333333333333,5.703587808466605,-1,-0.5734390744864228,True,KnowingRenfri#1111
DTUOwF1U6Ycry02SjVKms4iPaHxr4ydFVpL6Xj5bMK3mts65FKsEpb6keNSF4EKr3FQaRpwUxh8xIw,Diamond,0.1317577538090904,0.5334322597154401,0.1100043878245664,0.1470449624272956,1685.74,3.006566512498057,0.5873670817891999,316.6657689838674,402.83590856055866,2.8289534558612903,0.48,0.52,0.54,0.12,5,0,5,3,1.0,0.7,0.2999999999999999,11.78,8.676507936507935,4.796507936507935,7.718490217137569,-1,-0.5731099226174464,True,Gabbagamba#EUW
bsdKRQGUwnk6IJ-Ya1O7yqUgQT6Bo3KDQTO0nMIoTZEz4nKSX3LlaMnEs0AXZb6N9zS7MohCxkO1yQ,Master,0.0117207412929422,0.5583856587529203,0.0944750974889633,0.1455212987034894,1610.46,3.28682826419308,0.5751447145285962,310.42069079044506,328.4186389274039,2.5316489713612107,0.54,0.56,0.54,0.18,0,4,4,4,0.2,0.4,-0.1999999999999999,2.3363553113553115,8.249130036630035,1.8419078144078127,10.785964812852498,-1,-0.5730944472883346,True,LNG 1xn#GOAT
ZKzXdoJbEoIAGLyXVo6OX2a_WzTGvSVQ4CJpp3_WFsiOGGzyOIkeBwFBVgQBoS_bI3eOg7tZS6LGXg,Iron,-0.1223150310368607,0.7286949831152487,0.3115363979897173,0.2465512761637409,2157.4,4.7814678801532855,0.5070422857936332,482.5632802740918,1332.271035902122,0.4537549720657408,0.72,0.64,0.2,0.28,2,0,2,6,0.4,0.4,0.1,3.0987179487179484,2.350495337995338,-3.98680624930625,1.4982138069344644,-1,-0.5730109915431413,True,immelkalvopora#12345
UgfYYsu2GMLUA8pRO-zH5QmwmEJNtJQEJJhwo4LV_Pekr8LDrX2wqqNE3uu0aFKnH1gHXYjWnPID0w,Diamond,0.2119447624808721,0.9035718487923128,0.0589278129473541,0.1414956873006895,1830.4,-1.4428232973175177e-12,0.5575307090887636,303.1026982886162,207.52986751838955,3.2422890081669333,0.56,0.4,0.56,0.22,1,0,6,2,0.6,0.7,0.0,9.15,6.921666666666667,0.6466666666666665,6.343597165646633,-1,-0.5729228692134684,True,xXBananaMonkeyXx#EUW
aBgih_RE8uUaU133eTO5hWdvo7x6-lL6oyNdYfX9PadAkttsq-sUiIs-lrOICVhhcpZ0AqWeqhPTcA,Emerald,-0.4137703987193151,-0.5832806653225312,0.1400606394657598,0.1672822569919278,1368.0,0.918295834051604,0.2617361657487542,359.0667735247507,391.4165743270308,0.436472413951981,0.0,0.3333333333333333,0.3333333333333333,0.0,0,2,1,2,0.3333333333333333,0.3333333333333333,0.0,1.375,1.375,0.0,1.0358169078880044,-1,-0.5724769500587928,True,JamalsLastDance#FNC
6NqfHWU9bNpwT0lZyG-5tITtHLWBQB3dL8HYpmJZE6LB9f7S0_KIKXivJkuPoEY7C0Bs5V4x9XZjIw,Diamond,-0.1088032722062543,1.073144387648736,0.0800049625160044,0.1409570031173602,1564.7,0.3825426691934175,0.6193619511166311,288.80980155675906,246.30050416459312,1.9822358219475429,0.52,0.54,0.58,0.22,1,0,2,5,0.6,0.5,0.3,10.90952380952381,8.549761904761905,2.793095238095238,8.644219127239191,-1,-0.5705901193994203,True,ItsSillyCat#777
9tsddU3wCzUjJlCuNOprH4CqTFupHa4vSP5NM-XZN3UGP6WX0_5FqA03kFAX9yKby6yvSrLKBQX50Q,Emerald,0.7230967326054015,0.8789077415039047,0.2609734428422375,0.2369542520232575,1501.62,2.7003929240862603,0.5475529116539329,522.1926159595312,1020.6501716005802,0.7259014787691099,0.66,0.66,0.52,0.26,4,0,11,1,0.8,0.9,0.0,7.8199999999999985,6.81,-0.2955555555555564,4.203498542880681,-1,-0.5702610969346017,True,BuffEkkoOrInt#Weak
4yIpYhCwL_aNGHJd4Owm90WOZdLdlnPH8DAGOlcmsYeJHW-JaPeAoiDAM1MNpFLBy3xIa7NbEV-wfQ,Diamond,-0.0687097678703635,0.7609966905116162,0.0745515131358788,0.1386339830609684,1755.5,2.345862112659961,0.6064560041143566,287.8718451111483,253.29047927172576,3.057251441298394,0.46,0.42,0.4,0.18,1,0,6,3,0.4,0.7,0.2999999999999999,5.306666666666667,9.653333333333332,3.1991666666666667,5.867276483457493,-1,-0.5695966549211805,True,Corazón#lαw
uxXdDu90Q39eS_WYbEJGRJl_KyeSNIuel6Rg2hGXsXwb5sSIE1zxX5uKT_jPGezFHEQZR6vK0ASTmQ,Master,-0.2689316066700067,0.5102709235119826,0.1145400826395866,0.165885869786425,1604.56,1.9557287506275207,0.5683003558170939,346.59797472382024,385.5331165664642,2.3379051875814274,0.38,0.48,0.3,0.16,0,7,3,7,0.0,0.3,0.0999999999999999,2.1083333333333334,5.694166666666666,1.5279761904761902,6.408997635702828,-1,-0.5672771044942859,True,breaking ties#001
6VIt9jtXute-SZGa9AoM15pQbvi_BzJHFBguUCYuP0PDaU7hSrOUHgTouvkTma0srbhGoKUkoDdg1g,Iron,-0.299111806307294,-0.4734235450668848,0.1059978459389317,0.1525599064640493,1813.4545454545453,3.2776134368046885,0.2762496116323867,273.3375642528188,332.6540072678128,0.3483845933348531,0.1818181818181818,0.2727272727272727,0.4545454545454545,0.0,0,2,1,5,0.4,0.2,-0.8,1.3084415584415583,1.0485797535797536,0.2793489843489843,0.6849600974153379,-1,-0.5665472078562046,True,livitrixie#6516
CFYIT03tZYjxxEtXVAh9BWnmPVqnqG9EWMoYvOfi3O7USlWkMnNmT6-0tsb9AsTRBfr-3I8IUS3TVQ,Master,-0.1486520289716,0.0352661103605144,0.1281541423695646,0.1522790547080901,1701.4,3.5615350140589443,0.5771369477823363,323.2943621531013,467.0478607069024,3.082417114636018,0.44,0.48,0.36,0.14,0,8,2,8,0.0,0.1,-0.3,2.6215384615384614,2.194102564102564,-1.928199023199024,0.7650072513869108,-1,-0.5664975270448903,True,Praxmax#12620
FTq_C7xW7y5PAZUgpRa1Of98nQwqp980-rft6uHVtiQFwHWSTFu7Bc8vlnZZvgLt9hyP-8IQefl0bQ,Silver,0.5334849583584416,1.9714033469693129,0.1629764518906713,0.1799811113392673,2070.0,-1.4428232973175177e-12,0.4599985189424695,410.5964899402342,717.7970565593429,1.0903906533403118,0.4940381318842756,0.4956261701084848,0.4949441960904057,0.1679790705374592,2,0,2,1,0.8,0.8,0.0,10.96952380952381,10.96952380952381,0.0,9.920440704130655,-1,-0.5664800775324111,True,Cpt Wackbeard#1718
_ACPtDdinxcuoY9yUg9DeywMTmpSJ0-dxhzmdWqjsMXoOLErk5lgY-ZmVJVI8iLE9lP8hUbLmvlR5w,Master,-0.2689316066700067,-0.1655582591124726,0.1228847496997808,0.1555164686517318,1699.34,3.088102070171285,0.5601763324832898,324.19792304996014,443.85212721597634,2.442737958083579,0.62,0.46,0.4,0.26,0,13,2,13,0.0,0.0,-0.3,1.7600000000000002,1.88436507936508,-0.3689682539682539,1.017366341028093,-1,-0.5660727031229972,True,Bubba#sauro
CLwZAeHPXSRzh2tyX_7Q75HatSsKfmrw-GssateMPBIyRFDxQvDy66C4J7F1TPCBiZQ0XQsyGf1BuQ,Emerald,0.5893476583319055,0.8920206203948998,0.2262136312655573,0.2192983969727503,1549.875,3.1887218755235542,0.5947819990230925,477.1197467891409,809.6128091616125,0.9334117275823192,0.5,0.7083333333333334,0.625,0.2916666666666667,3,0,14,1,0.8,0.9,0.0,4.356666666666667,8.399761904761906,0.0733730158730168,7.768553860380492,-1,-0.5660576791178848,True,xxPeke#4699
xHuFe16qYAZkanASBMAszaAg-immAjkuTnF0aGYr1un5DlKli1T5tdKe-PG-Hs66d0FjFK1gAEkWCA,Diamond,0.1718512581449812,0.2628208397158947,0.2964071156209886,0.2274669732437511,1607.46,0.2822921890780868,0.5733213753011428,498.7790301474714,1177.634490148229,0.6650269295699865,0.5,0.58,0.6,0.22,5,0,7,2,1.0,0.7,-0.1,9.84,8.222380952380952,2.1239285714285714,7.507604625370488,-1,-0.5655958461875028,True,Nyro#0001
781cB61RQ89yhIhJT7zbwDjIpAUs4R0BB7e-Mr6F24zOTcDWbbh5s8cJCZyu24zeswwV4tlw3lWGQw,Diamond,0.051570745137309,0.3448514345085784,0.0953553725208037,0.1441981716173531,1742.28,0.4670814401546753,0.5729686153433345,306.05445771313805,360.319928561612,3.149542396456852,0.4,0.42,0.54,0.12,6,0,6,2,1.0,0.8,0.3,8.5,6.034285714285715,2.287997835497836,4.29311097155186,-1,-0.5653592258263255,True,Sponegbob#Knob
ZLBHGaoap2TGDrU7tlGIMsxNr5sFReQFLywJ0qyCGgMOQaD08In7cAuK6ER22syDsvCoNblGmX97Ug,Gold,0.011850594790908,-0.032572577190551,0.0982969256362716,0.153291713942474,1647.5,3.5178941475994234,0.5322860278038072,295.61911942627177,315.1605164837612,2.0319030662154027,0.4166666666666667,0.3333333333333333,0.2916666666666667,0.25,7,0,7,4,1.0,0.8,0.6000000000000001,7.125714285714285,5.201190476190476,3.2264646464646463,4.532352491180314,-1,-0.5635208059380729,True,ncross10#EUW
85Nn6kI1GoyN6Qdgh2fxoaj8xDnnqczAHoGUnEg4xfECGyHCqAX8kCfWXt5VqZDalnVGqxZQMl5uoQ,Emerald,0.2817247875028645,-0.2602110212752365,0.2689404816879517,0.2400408052155799,1444.08,2.194556070976505,0.4072065196891604,518.4845152676003,949.8433342590556,0.7288003464098282,0.62,0.72,0.44,0.32,9,0,10,1,1.0,0.9,-0.0999999999999999,2.5333333333333337,2.8433333333333337,-1.3600000000000003,1.8404739727701789,-1,-0.5624337000240544,True,Primebeast#EUW
dCX9ACwp8PeSrUIVYlkXlHjmJVic64U9y4bBrvX0S1PlNkrQ0v-xQlrkdQQWE_M3ljaFn3WbR2Ok8g,Bronze,-0.2622893488514218,0.2302787596543013,0.1071575962426708,0.1589390319505454,1673.46,2.635980012244211,0.4731268190547354,293.2022328519906,318.86079771490165,1.7496395229288668,0.54,0.36,0.36,0.2,1,0,4,6,0.6,0.7,0.4999999999999999,11.175,8.763055555555557,5.822341269841271,10.333387399052109,-1,-0.5623938198007953,True,TheJorge924#EUW
sGUl3zymeBqvvNfSs7n0XlsE9bU9cbTYAaBjR2E3QgSkdrmUN_YQNsbx_Ftl3cbHAbCId1Wbvl7asA,Emerald,0.0008517315285228,0.2608449164396133,0.1551915019963649,0.1561425048081584,1653.74,1.1939518995215093,0.6121511467158642,326.3715496324874,526.4492668771384,2.0998841015941765,0.48,0.52,0.46,0.34,6,0,6,6,1.0,0.9,0.6000000000000001,8.166666666666668,6.486666666666667,3.612857142857143,2.882599135810905,-1,-0.5614916007687081,True,ChenRonD#EUW
d1JAdlaEVabKjhLKHerab4rptzCrdDxIXrxsLF2jwGTaQGdWlnCCd3m7MvUisyWrcDvWeTg7cNoqhA,Gold,0.6142570145490465,0.5650035613184748,0.2235539794998017,0.2034814025627839,1836.421052631579,2.2579993393644977,0.4369445744820556,410.5681404984095,878.6120373379687,0.9023298428305206,0.4736842105263157,0.6842105263157895,0.3947368421052631,0.0789473684210526,11,0,11,1,1.0,1.0,0.0999999999999999,4.533333333333333,6.716666666666667,-2.4678571428571434,4.868435751518825,-1,-0.5610987513489744,True,Small Spark#Seb
khgPhvmRO4NDu-U9uNkUS4y0jkYUS0p_QegrtK9hwzs09leLWVwZ-21GL4NCT1WHO6SDs4HXMn55MA,Emerald,0.1212258983746691,0.5384654245078586,0.0582955178479952,0.1360287516252444,1733.24,1.08484477929077,0.5861550151062975,286.1415788362732,204.1799704781114,2.239631136079038,0.58,0.34,0.4,0.1,3,0,6,2,0.8,0.7,0.0,7.75,7.55,0.6166666666666654,6.999821426293673,-1,-0.5604980717421785,True,Nosomi#EUW
