summoner_name,rank_tier,lp,win_rate,region
Ayoubaby#EUW,diamond,500,,euw
16            29#16 29,diamond,16,47%,euw
Rweli#LEAFO,diamond,500,48%,euw
Simon Petrikov#ICE1,diamond,500,41%,euw
hydrenoiire#EUW,diamond,500,33%,euw
Travail Ö Black#EUW,diamond,500,49%,euw
IM LEARNING#KEEP,diamond,500,47%,euw
Ata D Macia#NIKA,diamond,500,42%,euw
MisøgynistMaster#Misø,diamond,500,51%,euw
Valams#EUW,diamond,500,48%,euw
Mandarìn#Gazoo,diamond,500,42%,euw
Rykyu#EUW,diamond,500,47%,euw
GeorgeDeLaGrieta#ATZ,diamond,500,47%,euw
SlyTheOnlyOne#TTV,diamond,500,51%,euw
Moctor#5346,diamond,500,49%,euw
musse#1337,diamond,500,39%,euw
Gratis Koffie#EUW,diamond,500,49%,euw
Piruriru#Piru,diamond,500,47%,euw
CambodianGOD#CHONG,diamond,500,40%,euw
Sponegbob#Knob,diamond,500,47%,euw
NOMED#NF1,diamond,500,100%,euw
Warwisbur#9960,diamond,500,40%,euw
cloyzh#cloyh,diamond,500,42%,euw
ItsSillyCat#777,diamond,777,50%,euw
lwdlwqdl#EUW7,diamond,500,52%,euw
Sarakzite#RIGEL,diamond,500,49%,euw
SuLaGeRin#EUW,diamond,500,48%,euw
SLIWKAWIGOR#SLIWA,diamond,500,52%,euw
ROZPINAJROZPOREK#cult,diamond,500,52%,euw
RaisedByPinkward#1001,diamond,10,53%,euw
Fofnaid#Norbi,diamond,500,43%,euw
matiaslaclasse#EUW,diamond,500,51%,euw
nickxnicko#EUW,diamond,500,39%,euw
SirKT#7447,diamond,500,48%,euw
goryllos#2137,diamond,500,45%,euw
Abulba#meow,diamond,500,44%,euw
GunShot#Head,diamond,500,42%,euw
EndOfFaker#EUW,diamond,500,36%,euw
2718281#EUW,diamond,500,50%,euw
kiting twink#elle,diamond,500,47%,euw
Binoculars#APA,diamond,500,54%,euw
LZ Zed#Zed,diamond,500,50%,euw
POMA#EUWFU,diamond,500,46%,euw
Pit Rookie#BUFF,diamond,500,39%,euw
HardstuckPiggy#EUW1,diamond,500,53%,euw
LupusSpera#07771,diamond,500,45%,euw
Tazoneta#GOATH,diamond,500,50%,euw
Kycellos#NERF,diamond,500,40%,euw
Cristóvão#2002,diamond,500,48%,euw
Tackle#TCK,diamond,500,47%,euw
Rulquu#EUW,diamond,500,49%,euw
HMT Opelax#EUW,diamond,500,41%,euw
MattShawｼ#TSC,diamond,500,47%,euw
Dark#APT,diamond,500,37%,euw
PalaZune#EUW,diamond,500,47%,euw
i go derank#blind,diamond,500,48%,euw
DerTodo#VML,diamond,500,48%,euw
Gabbagamba#EUW,diamond,500,51%,euw
NGR Ζodiacc#EUW,diamond,500,49%,euw
sehr kluk#EUW,diamond,500,44%,euw
Danmaranda#EUW,diamond,500,44%,euw
magie#0345,diamond,500,57%,euw
johannesforever#EUNE,diamond,500,51%,euw
WeakSIde#S1ON,diamond,500,53%,euw
SUPERLEGGERA#GRE,diamond,500,41%,euw
IDR#TROLL,diamond,500,50%,euw
TobangaNö#Haram,diamond,500,40%,euw
Killua#zabou,diamond,500,43%,euw
kitten hunter#BOG,diamond,500,45%,euw
Jessidineyto#EUW,diamond,500,41%,euw
Emperor PhillDON#EUW,diamond,500,36%,euw
CANT WIN#EUN,diamond,500,44%,euw
AgnosticFour#Adhom,diamond,500,37%,euw
smile ur bad#EUW,diamond,500,42%,euw
Maakim#EUW,diamond,500,40%,euw
camx#0512,diamond,500,50%,euw
lucid fog#dream,diamond,500,44%,euw
harcsa#EUW,diamond,500,47%,euw
Kronisk Skeptisk#EUW,diamond,500,51%,euw
yc2p#EUW,diamond,500,49%,euw
RihnoxHD#EUW,diamond,500,24%,euw
对猫过敏的鱼#王魄罗,diamond,500,31%,euw
Kaichou#0000,diamond,500,46%,euw
DeadIine#EUW,diamond,500,48%,euw
VengeanceOfMorsa#EUW,diamond,500,50%,euw
Bissap Drinker#7TO3,diamond,500,43%,euw
Sunless#6667,diamond,500,49%,euw
TripleApple#EUW,diamond,500,54%,euw
Lionel Μessi#GOAT,diamond,500,52%,euw
Damatrixqt#EUW,diamond,500,24%,euw
Tygorx#EUW,diamond,500,38%,euw
Shanle#EUW,diamond,500,43%,euw
Zero To adidias#EUW,diamond,500,51%,euw
Masked Artist#Rat,diamond,500,53%,euw
Belafu#EUW,diamond,500,53%,euw
Bloodgreen#EUW,diamond,500,51%,euw
BAS3D#EUW,diamond,500,34%,euw
Valninho#1702,diamond,500,40%,euw
Yuuki Kitty#EUW,diamond,500,42%,euw
Samedoking#Supp,diamond,500,38%,euw
Ayoubaby#EUW,diamond,8,41%,euw
16            29#16 29,diamond,1,16%,euw
Rweli#LEAFO,diamond,1,,euw
Simon Petrikov#ICE1,diamond,1,,euw
hydrenoiire#EUW,diamond,1,,euw
Travail Ö Black#EUW,diamond,1,20%,euw
IM LEARNING#KEEP,diamond,1,,euw
Ata D Macia#NIKA,diamond,1,,euw
MisøgynistMaster#Misø,diamond,1,3%,euw
Valams#EUW,diamond,1,,euw
Mandarìn#Gazoo,diamond,1,3%,euw
Rykyu#EUW,diamond,1,,euw
GeorgeDeLaGrieta#ATZ,diamond,1,,euw
SlyTheOnlyOne#TTV,diamond,1,,euw
Moctor#5346,diamond,1,,euw
musse#1337,diamond,1,,euw
Gratis Koffie#EUW,diamond,1,,euw
Piruriru#Piru,diamond,1,,euw
CambodianGOD#CHONG,diamond,1,,euw
Sponegbob#Knob,diamond,1,,euw
NOMED#NF1,diamond,1,,euw
Warwisbur#9960,diamond,1,,euw
cloyzh#cloyh,diamond,1,,euw
ItsSillyCat#777,diamond,1,,euw
lwdlwqdl#EUW7,diamond,1,,euw
Sarakzite#RIGEL,diamond,1,,euw
SuLaGeRin#EUW,diamond,1,,euw
SLIWKAWIGOR#SLIWA,diamond,1,,euw
ROZPINAJROZPOREK#cult,diamond,1,,euw
RaisedByPinkward#1001,diamond,1,,euw
Fofnaid#Norbi,diamond,1,,euw
matiaslaclasse#EUW,diamond,1,,euw
nickxnicko#EUW,diamond,1,,euw
SirKT#7447,diamond,1,,euw
goryllos#2137,diamond,1,,euw
Abulba#meow,diamond,1,,euw
GunShot#Head,diamond,1,,euw
EndOfFaker#EUW,diamond,1,,euw
2718281#EUW,diamond,1,,euw
kiting twink#elle,diamond,1,,euw
Binoculars#APA,diamond,1,,euw
LZ Zed#Zed,diamond,1,,euw
POMA#EUWFU,diamond,1,,euw
Pit Rookie#BUFF,diamond,1,,euw
HardstuckPiggy#EUW1,diamond,1,,euw
LupusSpera#07771,diamond,1,,euw
Tazoneta#GOATH,diamond,1,,euw
Kycellos#NERF,diamond,1,,euw
Cristóvão#2002,diamond,1,3%,euw
Tackle#TCK,diamond,1,,euw
Rulquu#EUW,diamond,1,,euw
HMT Opelax#EUW,diamond,1,,euw
MattShawｼ#TSC,diamond,1,,euw
Dark#APT,diamond,1,,euw
PalaZune#EUW,diamond,1,,euw
i go derank#blind,diamond,1,,euw
DerTodo#VML,diamond,1,,euw
Gabbagamba#EUW,diamond,1,,euw
NGR Ζodiacc#EUW,diamond,1,20%,euw
sehr kluk#EUW,diamond,1,,euw
Danmaranda#EUW,diamond,1,,euw
magie#0345,diamond,1,,euw
johannesforever#EUNE,diamond,1,,euw
WeakSIde#S1ON,diamond,1,,euw
SUPERLEGGERA#GRE,diamond,1,,euw
IDR#TROLL,diamond,1,,euw
TobangaNö#Haram,diamond,1,3%,euw
Killua#zabou,diamond,1,,euw
kitten hunter#BOG,diamond,1,,euw
Jessidineyto#EUW,diamond,1,,euw
Emperor PhillDON#EUW,diamond,1,,euw
CANT WIN#EUN,diamond,1,,euw
AgnosticFour#Adhom,diamond,1,,euw
smile ur bad#EUW,diamond,1,,euw
Maakim#EUW,diamond,1,,euw
camx#0512,diamond,1,,euw
lucid fog#dream,diamond,1,,euw
harcsa#EUW,diamond,1,,euw
Kronisk Skeptisk#EUW,diamond,1,,euw
yc2p#EUW,diamond,1,,euw
RihnoxHD#EUW,diamond,1,,euw
对猫过敏的鱼#王魄罗,diamond,1,5%,euw
Kaichou#0000,diamond,1,,euw
DeadIine#EUW,diamond,1,,euw
VengeanceOfMorsa#EUW,diamond,1,,euw
Bissap Drinker#7TO3,diamond,1,,euw
Sunless#6667,diamond,1,,euw
TripleApple#EUW,diamond,1,,euw
Lionel Μessi#GOAT,diamond,1,20%,euw
Damatrixqt#EUW,diamond,1,,euw
Tygorx#EUW,diamond,1,,euw
Shanle#EUW,diamond,1,,euw
Zero To adidias#EUW,diamond,1,,euw
Masked Artist#Rat,diamond,1,,euw
Belafu#EUW,diamond,1,,euw
Bloodgreen#EUW,diamond,1,,euw
BAS3D#EUW,diamond,1,,euw
Valninho#1702,diamond,1,,euw
Yuuki Kitty#EUW,diamond,1,,euw
Samedoking#Supp,diamond,1,,euw
Den Fede Konge#EUW,diamond,500,,euw
Tatakae#1774,diamond,500,18%,euw
Mike Wazowski#OJO,diamond,500,47%,euw
UnknownSchmiddi#EUW,diamond,500,50%,euw
Un Romántico#019,diamond,19,47%,euw
Rainfall#EUW,diamond,500,47%,euw
SCORPION AFGHAN#EUW,diamond,500,44%,euw
Ym51#EUW,diamond,500,45%,euw
SemperFi#EUW12,diamond,500,46%,euw
Malo#PROTO,diamond,500,53%,euw
LightOnDarkness#Vela,diamond,500,43%,euw
psychopathing#atman,diamond,500,44%,euw
SmutnyKolesPL#4707,diamond,500,24%,euw
self improvement#Dino,diamond,500,42%,euw
veridis quo#111,diamond,111,48%,euw
RekonasNeraGejus#6969,diamond,69,35%,euw
Nixtron#EUWE,diamond,500,45%,euw
Sou#XIII,diamond,500,43%,euw
Roger Doradillos#3D2Y,diamond,500,38%,euw
TopLund#EUW,diamond,500,39%,euw
MarcusJackson44#EUW,diamond,500,100%,euw
M4TT1A#2799,diamond,500,46%,euw
BigNoseMike#BGD,diamond,500,48%,euw
Mr SΕX#EUW,diamond,500,53%,euw
aftseqbny#EUW,diamond,500,25%,euw
NoFearBrasiù#EUW,diamond,500,42%,euw
iSurv0olt#667,diamond,667,48%,euw
Come On Try Even#EUW,diamond,500,43%,euw
NotFrost#EUW,diamond,500,50%,euw
YE4H PERDONEN#EUW,diamond,500,49%,euw
Sockmadik#EUW,diamond,500,39%,euw
Uthred#Uth,diamond,500,43%,euw
BOQUERØN#EUW,diamond,500,46%,euw
Kintoonn#EUW,diamond,500,41%,euw
Nyro#0001,diamond,500,42%,euw
tilt sniffer#woof,diamond,500,25%,euw
DąrkSoul#3916,diamond,500,37%,euw
Selkie#Ewe,diamond,500,39%,euw
Fil002#EUW,diamond,500,53%,euw
Cute Shy Femboy#UWU,diamond,500,45%,euw
RaptorRex99#EUW,diamond,500,46%,euw
tomxs#099,diamond,99,40%,euw
biewerzerstörer#EUW,diamond,500,48%,euw
BLAHAJ#FIZZ,diamond,500,45%,euw
StayeDead#EUW,diamond,500,46%,euw
MacAndCheeseBert#EUW,diamond,500,50%,euw
سايون#7070,diamond,500,50%,euw
spjarn#EUW,diamond,500,43%,euw
Nydetha#EUW1a,diamond,500,51%,euw
benjeminh26#EUW,diamond,500,51%,euw
Dragst#3945,diamond,500,53%,euw
Fringuello#LOW,diamond,500,48%,euw
Maître Prankex#EUW,diamond,500,53%,euw
boolanson#EUW,diamond,500,45%,euw
UOL Sam#UOL,diamond,500,48%,euw
Brindaz#EUW,diamond,500,52%,euw
Toaster#GAK,diamond,5,34%,euw
Hiiragi Yuzu#ARCV,diamond,500,43%,euw
2 4#SIUUU,diamond,500,51%,euw
Dark#02803,diamond,500,40%,euw
Chichi#ZoooE,diamond,500,45%,euw
Hankenth#8290,diamond,500,49%,euw
Rakoon L9#DEAC,diamond,500,49%,euw
lpl ad king#5959,diamond,500,45%,euw
Eskin#0211,diamond,500,33%,euw
Lesbian succubus#UwU,diamond,500,49%,euw
easkr#EUW,diamond,500,44%,euw
WYDROSKI#FLIP,diamond,500,46%,euw
Shiryox#2727,diamond,500,43%,euw
Hyper#MAD5,diamond,500,52%,euw
Moan For Mê#CS3X,diamond,500,52%,euw
Grozni Lik#VBBG,diamond,500,39%,euw
Rey#TITAN,diamond,500,43%,euw
Level 1 Crook#Bonan,diamond,500,42%,euw
Kadeemv2718#5264,diamond,500,47%,euw
yato#945,diamond,945,42%,euw
OceIoth#3001,diamond,500,51%,euw
Homeless#piko,diamond,500,47%,euw
THIS IS SPARTA#INTER,diamond,500,44%,euw
MYSTERY MUSEUM#X1000,diamond,500,45%,euw
Fiddlesticks#FE4R,diamond,500,51%,euw
LegendRX#EUW,diamond,500,51%,euw
BB ornithorynque#Orni,diamond,500,47%,euw
Malchanceux#EUW,diamond,500,52%,euw
Adi300#EUW,diamond,500,53%,euw
LAG Levin2Go#ATN,diamond,500,41%,euw
gOphelia#EUW,diamond,500,51%,euw
Jacob2712#EUW,diamond,500,53%,euw
nyx#EU2,diamond,500,53%,euw
Madu#1331,diamond,500,52%,euw
Ufik#7575,diamond,500,42%,euw
Akshan sama#NA1,diamond,500,49%,euw
Lucky#UNL,diamond,500,51%,euw
Paquirrín Calvo#EUW,diamond,500,46%,euw
Starets Zosima#EUW,diamond,500,51%,euw
DelyKate#EUW,diamond,500,44%,euw
Danilt10#EUW,diamond,500,47%,euw
xXBananaMonkeyXx#EUW,diamond,500,45%,euw
Avedis Bard MVP#EUW,diamond,500,45%,euw
melder323#EUW,diamond,500,39%,euw
Den Fede Konge#EUW,diamond,8,50%,euw
Tatakae#1774,diamond,1,,euw
Mike Wazowski#OJO,diamond,1,,euw
UnknownSchmiddi#EUW,diamond,1,,euw
Un Romántico#019,diamond,1,3%,euw
Rainfall#EUW,diamond,1,,euw
SCORPION AFGHAN#EUW,diamond,1,,euw
Ym51#EUW,diamond,1,,euw
SemperFi#EUW12,diamond,1,,euw
Malo#PROTO,diamond,1,,euw
LightOnDarkness#Vela,diamond,1,,euw
psychopathing#atman,diamond,1,,euw
SmutnyKolesPL#4707,diamond,1,,euw
self improvement#Dino,diamond,1,,euw
veridis quo#111,diamond,1,,euw
RekonasNeraGejus#6969,diamond,1,,euw
Nixtron#EUWE,diamond,1,,euw
Sou#XIII,diamond,1,,euw
Roger Doradillos#3D2Y,diamond,1,,euw
TopLund#EUW,diamond,1,,euw
MarcusJackson44#EUW,diamond,1,,euw
M4TT1A#2799,diamond,1,,euw
BigNoseMike#BGD,diamond,1,,euw
Mr SΕX#EUW,diamond,1,,euw
aftseqbny#EUW,diamond,1,,euw
NoFearBrasiù#EUW,diamond,1,3%,euw
iSurv0olt#667,diamond,1,,euw
Come On Try Even#EUW,diamond,1,,euw
NotFrost#EUW,diamond,1,,euw
YE4H PERDONEN#EUW,diamond,1,,euw
Sockmadik#EUW,diamond,1,,euw
Uthred#Uth,diamond,1,,euw
BOQUERØN#EUW,diamond,1,3%,euw
Kintoonn#EUW,diamond,1,,euw
Nyro#0001,diamond,1,,euw
tilt sniffer#woof,diamond,1,,euw
DąrkSoul#3916,diamond,1,4%,euw
Selkie#Ewe,diamond,1,,euw
Fil002#EUW,diamond,1,,euw
Cute Shy Femboy#UWU,diamond,1,,euw
RaptorRex99#EUW,diamond,1,,euw
tomxs#099,diamond,1,,euw
biewerzerstörer#EUW,diamond,1,3%,euw
BLAHAJ#FIZZ,diamond,1,,euw
StayeDead#EUW,diamond,1,,euw
MacAndCheeseBert#EUW,diamond,1,,euw
سايون#7070,diamond,1,8%,euw
spjarn#EUW,diamond,1,,euw
Nydetha#EUW1a,diamond,1,,euw
benjeminh26#EUW,diamond,1,,euw
Dragst#3945,diamond,1,,euw
Fringuello#LOW,diamond,1,,euw
Maître Prankex#EUW,diamond,1,3%,euw
boolanson#EUW,diamond,1,,euw
UOL Sam#UOL,diamond,1,,euw
Brindaz#EUW,diamond,1,,euw
Toaster#GAK,diamond,1,,euw
Hiiragi Yuzu#ARCV,diamond,1,,euw
2 4#SIUUU,diamond,1,2%,euw
Dark#02803,diamond,1,,euw
Chichi#ZoooE,diamond,1,,euw
Hankenth#8290,diamond,1,,euw
Rakoon L9#DEAC,diamond,1,,euw
lpl ad king#5959,diamond,1,,euw
Eskin#0211,diamond,1,,euw
Lesbian succubus#UwU,diamond,1,,euw
easkr#EUW,diamond,1,,euw
WYDROSKI#FLIP,diamond,1,,euw
Shiryox#2727,diamond,1,,euw
Hyper#MAD5,diamond,1,,euw
Moan For Mê#CS3X,diamond,1,3%,euw
Grozni Lik#VBBG,diamond,1,,euw
Rey#TITAN,diamond,1,,euw
Level 1 Crook#Bonan,diamond,1,201%,euw
Kadeemv2718#5264,diamond,1,,euw
yato#945,diamond,1,,euw
OceIoth#3001,diamond,1,,euw
Homeless#piko,diamond,1,,euw
THIS IS SPARTA#INTER,diamond,1,,euw
MYSTERY MUSEUM#X1000,diamond,1,,euw
Fiddlesticks#FE4R,diamond,1,,euw
LegendRX#EUW,diamond,1,,euw
BB ornithorynque#Orni,diamond,1,,euw
Malchanceux#EUW,diamond,1,,euw
Adi300#EUW,diamond,1,,euw
LAG Levin2Go#ATN,diamond,1,,euw
gOphelia#EUW,diamond,1,,euw
Jacob2712#EUW,diamond,1,,euw
nyx#EU2,diamond,1,,euw
Madu#1331,diamond,1,,euw
Ufik#7575,diamond,1,,euw
Akshan sama#NA1,diamond,1,,euw
Lucky#UNL,diamond,1,,euw
Paquirrín Calvo#EUW,diamond,1,3%,euw
Starets Zosima#EUW,diamond,1,,euw
DelyKate#EUW,diamond,1,,euw
Danilt10#EUW,diamond,1,,euw
xXBananaMonkeyXx#EUW,diamond,1,,euw
Avedis Bard MVP#EUW,diamond,1,,euw
melder323#EUW,diamond,1,,euw
timi75#EUW,diamond,500,,euw
RoShx#EUW,diamond,500,51%,euw
fekar mekanik#EUW,diamond,500,44%,euw
Shinεi Nσzen#EUW86,diamond,500,43%,euw
Dragnir#999,diamond,999,51%,euw
MNRM Zedtek#MNRM,diamond,500,52%,euw
30Stacks#EUW,diamond,500,51%,euw
NSN Alpha#EUW,diamond,500,51%,euw
Taliyah SSG#EUW,diamond,500,44%,euw
Velobourse#EUW,diamond,500,47%,euw
Julemand25#1337,diamond,500,46%,euw
Serafeim#KATSU,diamond,500,46%,euw
Asdegar#EUW,diamond,500,45%,euw
BenchZerodati#MEAT,diamond,500,47%,euw
ÁCIDO#GCHMO,diamond,500,44%,euw
00 THOR 00#EUWW,diamond,500,50%,euw
swopsy#69420,diamond,500,49%,euw
Stash#Kaisa,diamond,500,43%,euw
D3athStar#EUW,diamond,500,55%,euw
VIVA PALESTINA#91380,diamond,500,49%,euw
bgt8#broke,diamond,500,100%,euw
Han Sooyoung#199,diamond,199,41%,euw
Force#9382,diamond,500,46%,euw
Aniki62#GBR,diamond,500,48%,euw
Igor Uzumaki#JAPAN,diamond,500,50%,euw
Evixis#EUW,diamond,500,42%,euw
Neto#SLAY,diamond,500,53%,euw
Bában#8252,diamond,500,52%,euw
Naked Duck#EUW,diamond,500,44%,euw
sυp#EUW,diamond,500,51%,euw
imperious#TFate,diamond,500,45%,euw
Pykïe#EUW,diamond,500,48%,euw
TN Doublelift#1111,diamond,500,47%,euw
WickedLeblanc#LMAO,diamond,500,46%,euw
Little lover boy#LOVE,diamond,500,56%,euw
Glomerular#EUW,diamond,500,49%,euw
Policara#EUW,diamond,500,56%,euw
King Viego#2177,diamond,500,44%,euw
Ashes#ani,diamond,500,45%,euw
Suaxleech#4159,diamond,500,52%,euw
BarnierBalvanto#4579,diamond,457,45%,euw
respp#999,diamond,999,45%,euw
Andrei Lukanov#REAL,diamond,500,47%,euw
PitagorasRC#77777,diamond,500,41%,euw
catDespair#fr1,diamond,500,38%,euw
Dookzer Furkzer#Turc,diamond,500,39%,euw
Lawendex#0001,diamond,500,51%,euw
Thobiwskel#6751,diamond,500,52%,euw
WakandaWilly#Water,diamond,500,48%,euw
EUNE TAKEOVER#KING,diamond,500,47%,euw
CatGirl Kled#kitty,diamond,500,54%,euw
CANUZUN42#SGE,diamond,500,45%,euw
Bob Dietrichson#EUW,diamond,500,46%,euw
VoIumas#EUW,diamond,500,47%,euw
Pain#ILU,diamond,500,40%,euw
CoolKukun#EUW,diamond,500,57%,euw
after mefedron#EUW,diamond,500,56%,euw
obsralemmajty12#lump,diamond,500,44%,euw
humblefish12#012,diamond,12,47%,euw
blacknailpolish#feet,diamond,500,51%,euw
candyfloss#XDXD,diamond,500,47%,euw
FKNNGRRPST67#freak,diamond,500,53%,euw
Hotgunner#KSA,diamond,500,36%,euw
Bojinek#143,diamond,143,51%,euw
Mullitaja#EST,diamond,500,49%,euw
xtz#god,diamond,500,42%,euw
Precognizant#URGOT,diamond,500,45%,euw
OupiGoupi#WAWA,diamond,500,51%,euw
MieuToo#EUW,diamond,500,52%,euw
IPPON#ONE,diamond,500,51%,euw
dazo85#EUW,diamond,500,50%,euw
Ciupape#2137,diamond,500,43%,euw
borysiak16#EUW,diamond,500,44%,euw
Juarez#Guns,diamond,500,49%,euw
MING#0411,diamond,500,32%,euw
WishUponMe#GGWP,diamond,500,53%,euw
Kadeem Alford#6405,diamond,500,37%,euw
hate jungle#cry,diamond,500,44%,euw
Henry Cavill#HERO,diamond,500,48%,euw
civvcik#3132,diamond,500,51%,euw
Madison Beer#TOT,diamond,500,42%,euw
plamenkmeta#7323,diamond,500,53%,euw
Exodia#leck,diamond,500,53%,euw
Mace116#EUW,diamond,500,49%,euw
Jonny#Diana,diamond,500,45%,euw
Dr Duncan Darius#Bleed,diamond,500,52%,euw
twtv 6pek#real,diamond,500,50%,euw
B5 stgs#WOW,diamond,500,45%,euw
Arzack#1941,diamond,500,54%,euw
Lucifer#Tanya,diamond,500,36%,euw
REBEL#AJD,diamond,500,41%,euw
Domolba#EUW,diamond,500,42%,euw
woshikong#EUW,diamond,500,41%,euw
Solais#LOL,diamond,500,45%,euw
MIGUELITÖ#EUW,diamond,500,45%,euw
Rom1du69#EUW,diamond,500,51%,euw
Andce#EUW,diamond,500,53%,euw
Stef#Supp,diamond,500,42%,euw
Apaisée#EUWC,diamond,500,53%,euw
xAmazinger#0000,diamond,500,50%,euw
timi75#EUW,diamond,8,43%,euw
RoShx#EUW,diamond,1,,euw
fekar mekanik#EUW,diamond,1,,euw
Shinεi Nσzen#EUW86,diamond,1,,euw
Dragnir#999,diamond,1,,euw
MNRM Zedtek#MNRM,diamond,1,,euw
30Stacks#EUW,diamond,1,,euw
NSN Alpha#EUW,diamond,1,,euw
Taliyah SSG#EUW,diamond,1,,euw
Velobourse#EUW,diamond,1,,euw
Julemand25#1337,diamond,1,,euw
Serafeim#KATSU,diamond,1,,euw
Asdegar#EUW,diamond,1,,euw
BenchZerodati#MEAT,diamond,1,,euw
ÁCIDO#GCHMO,diamond,1,3%,euw
00 THOR 00#EUWW,diamond,1,00%,euw
swopsy#69420,diamond,1,,euw
Stash#Kaisa,diamond,1,,euw
D3athStar#EUW,diamond,1,,euw
VIVA PALESTINA#91380,diamond,1,,euw
bgt8#broke,diamond,1,,euw
Han Sooyoung#199,diamond,1,,euw
Force#9382,diamond,1,,euw
Aniki62#GBR,diamond,1,,euw
Igor Uzumaki#JAPAN,diamond,1,,euw
Evixis#EUW,diamond,1,,euw
Neto#SLAY,diamond,1,,euw
Bában#8252,diamond,1,3%,euw
Naked Duck#EUW,diamond,1,,euw
sυp#EUW,diamond,1,,euw
imperious#TFate,diamond,1,,euw
Pykïe#EUW,diamond,1,3%,euw
TN Doublelift#1111,diamond,1,,euw
WickedLeblanc#LMAO,diamond,1,,euw
Little lover boy#LOVE,diamond,1,,euw
Glomerular#EUW,diamond,1,,euw
Policara#EUW,diamond,1,,euw
King Viego#2177,diamond,1,,euw
Ashes#ani,diamond,1,,euw
Suaxleech#4159,diamond,1,,euw
BarnierBalvanto#4579,diamond,1,,euw
respp#999,diamond,1,,euw
Andrei Lukanov#REAL,diamond,1,,euw
PitagorasRC#77777,diamond,1,,euw
catDespair#fr1,diamond,1,,euw
Dookzer Furkzer#Turc,diamond,1,,euw
Lawendex#0001,diamond,1,,euw
Thobiwskel#6751,diamond,1,,euw
WakandaWilly#Water,diamond,1,,euw
EUNE TAKEOVER#KING,diamond,1,,euw
CatGirl Kled#kitty,diamond,1,,euw
CANUZUN42#SGE,diamond,1,,euw
Bob Dietrichson#EUW,diamond,1,,euw
VoIumas#EUW,diamond,1,,euw
Pain#ILU,diamond,1,,euw
CoolKukun#EUW,diamond,1,,euw
after mefedron#EUW,diamond,1,,euw
obsralemmajty12#lump,diamond,1,,euw
humblefish12#012,diamond,1,,euw
blacknailpolish#feet,diamond,1,,euw
candyfloss#XDXD,diamond,1,,euw
FKNNGRRPST67#freak,diamond,1,,euw
Hotgunner#KSA,diamond,1,,euw
Bojinek#143,diamond,1,,euw
Mullitaja#EST,diamond,1,,euw
xtz#god,diamond,1,,euw
Precognizant#URGOT,diamond,1,,euw
OupiGoupi#WAWA,diamond,1,,euw
MieuToo#EUW,diamond,1,,euw
IPPON#ONE,diamond,1,,euw
dazo85#EUW,diamond,1,,euw
Ciupape#2137,diamond,1,,euw
borysiak16#EUW,diamond,1,,euw
Juarez#Guns,diamond,1,,euw
MING#0411,diamond,1,,euw
WishUponMe#GGWP,diamond,1,,euw
Kadeem Alford#6405,diamond,1,,euw
hate jungle#cry,diamond,1,,euw
Henry Cavill#HERO,diamond,1,,euw
civvcik#3132,diamond,1,,euw
Madison Beer#TOT,diamond,1,,euw
plamenkmeta#7323,diamond,1,,euw
Exodia#leck,diamond,1,,euw
Mace116#EUW,diamond,1,,euw
Jonny#Diana,diamond,1,,euw
Dr Duncan Darius#Bleed,diamond,1,,euw
twtv 6pek#real,diamond,1,,euw
B5 stgs#WOW,diamond,1,5%,euw
Arzack#1941,diamond,1,,euw
Lucifer#Tanya,diamond,1,,euw
REBEL#AJD,diamond,1,,euw
Domolba#EUW,diamond,1,,euw
woshikong#EUW,diamond,1,,euw
Solais#LOL,diamond,1,,euw
MIGUELITÖ#EUW,diamond,1,3%,euw
Rom1du69#EUW,diamond,1,,euw
Andce#EUW,diamond,1,,euw
Stef#Supp,diamond,1,,euw
Apaisée#EUWC,diamond,1,3%,euw
xAmazinger#0000,diamond,1,,euw
Jaxran#EUW,diamond,500,,euw
Kadmurai#AJDE,diamond,500,55%,euw
Corazón#lαw,diamond,500,49%,euw
pootis pencer34#EUW,diamond,500,43%,euw
loonzaera#EUW,diamond,500,40%,euw
CebCeb#FEZ,diamond,500,43%,euw
Jesaipas#WWW,diamond,500,46%,euw
Moonsilver bIade#EUW,diamond,500,41%,euw
Dova#Kin,diamond,500,48%,euw
ChungusDayi#5555,diamond,500,47%,euw
inmategotthestif#EUW,diamond,500,40%,euw
Roneyy#EUW,diamond,500,57%,euw
xxMrWorldwidexx#EUW,diamond,500,50%,euw
Eliminar#EUW,diamond,500,46%,euw
JonteMoped#EUW,diamond,500,46%,euw
Etienne#5623,diamond,500,43%,euw
got2game#EUW,diamond,500,45%,euw
vBpBurke#EUW,diamond,500,39%,euw
ªº     ð     ºª#EUW,diamond,500,48%,euw
Medis#URMOM,diamond,500,43%,euw
Profpartytime#EUW,diamond,500,100%,euw
Qaai#BLA,diamond,500,49%,euw
KanaxSenpai#EUW,diamond,500,49%,euw
YosieSmiley#SMILE,diamond,500,50%,euw
Ji Woon Hak#SCRFC,diamond,500,47%,euw
Invincible#EUWXD,diamond,500,51%,euw
Bicky#EUW,diamond,500,37%,euw
ANDRE VENTURA 26#CHEGA,diamond,500,32%,euw
Meliodas#6eyes,diamond,500,45%,euw
çipetpet#4012,diamond,500,52%,euw
Farmer52#ABCX,diamond,500,44%,euw
DPL ABdelhadi #EUW,diamond,500,51%,euw
Dopamin addict#DOPE,diamond,500,51%,euw
Yshuro67#GOYIM,diamond,500,38%,euw
ANA#FOKOS,diamond,500,46%,euw
croute de pipi#caca,diamond,500,46%,euw
Drubadopa#xdd,diamond,500,43%,euw
a zoe on speed#zoe,diamond,500,55%,euw
Poollo#EUW,diamond,500,51%,euw
Ragu#bob,diamond,500,51%,euw
Muraa#Mura,diamond,500,49%,euw
Ryflax#EUW,diamond,500,50%,euw
floxx21#EUW,diamond,500,51%,euw
Zedpecker#8002,diamond,500,53%,euw
ChristianWarZ#EUW,diamond,500,52%,euw
EHPAD Patrouille#Riven,diamond,500,51%,euw
SUPER GROS CACA#CACA,diamond,500,49%,euw
4 IQ 4 Shots#9118,diamond,500,46%,euw
Cocatee#Pog,diamond,500,48%,euw
Ooniromenti#EUW,diamond,500,49%,euw
Ukiyo#1796,diamond,500,47%,euw
outclimbinglows#bye,diamond,500,51%,euw
Drabar#Prime,diamond,500,52%,euw
countersebbe#EUW,diamond,500,52%,euw
VildDjaur#EUW,diamond,500,43%,euw
Doomy le noobi#Choc,diamond,500,48%,euw
Frysqo#EUW,diamond,500,51%,euw
Azex#Azux,diamond,500,43%,euw
InvictusAT#EUW,diamond,500,50%,euw
Get rekt by Ornn#766,diamond,76,47%,euw
Kouik#EUW,diamond,500,50%,euw
Now1K#1337,diamond,500,45%,euw
Keochen#EUW9,diamond,500,49%,euw
Freezing Spell#EUW,diamond,500,52%,euw
Vray#TOP,diamond,500,45%,euw
UncleDanny#Danny,diamond,500,51%,euw
Harawyn#EUW,diamond,500,51%,euw
DisneySentMe#TTV,diamond,500,45%,euw
Apocxxx#EUW,diamond,500,47%,euw
Pišiak#EUWS,diamond,500,34%,euw
Luka Vušković#GOAT,diamond,500,48%,euw
Truxlive#BNZ,diamond,500,52%,euw
Niizu#0705,diamond,500,48%,euw
RANK#RAWR,diamond,500,48%,euw
Silücrert#251,diamond,251,52%,euw
IIIEIIEIII#IEI,diamond,500,51%,euw
Abethadamest#9284,diamond,500,50%,euw
bartman4#ARAM,diamond,500,48%,euw
kelcoberk#zınQ,diamond,500,52%,euw
RAYGUN1488HH#1488H,diamond,500,48%,euw
SOTT SOTT SOTT#SOTT,diamond,500,51%,euw
GoodGoose#4863,diamond,500,40%,euw
RazyRaw#RYRW,diamond,500,53%,euw
Restrict#V07,diamond,500,46%,euw
cute anime girl#Pacov,diamond,500,38%,euw
Serialz Power#EUW,diamond,500,48%,euw
yoyobrawz#742,diamond,742,48%,euw
Gwen is Immune#Edged,diamond,500,51%,euw
Cassiopea#6994,diamond,500,41%,euw
RAMMUS FROM EUNE#XDXDX,diamond,500,36%,euw
ChemioSupport#6767,diamond,500,44%,euw
Bugajus#LTU,diamond,500,46%,euw
beko#sup,diamond,500,52%,euw
hurtig hjort#EUW,diamond,500,44%,euw
TheShockX#EUW,diamond,500,50%,euw
Bidimurien#EUW,diamond,500,39%,euw
tov abale#motek,diamond,500,49%,euw
iFourleafclover#9999,diamond,999,51%,euw
balkan player#000,diamond,0,50%,euw
shyru#EUW01,diamond,500,40%,euw
Jaxran#EUW,diamond,8,43%,euw
Kadmurai#AJDE,diamond,1,,euw
Corazón#lαw,diamond,1,3%,euw
pootis pencer34#EUW,diamond,1,,euw
loonzaera#EUW,diamond,1,,euw
CebCeb#FEZ,diamond,1,,euw
Jesaipas#WWW,diamond,1,,euw
Moonsilver bIade#EUW,diamond,1,,euw
Dova#Kin,diamond,1,,euw
ChungusDayi#5555,diamond,1,,euw
inmategotthestif#EUW,diamond,1,,euw
Roneyy#EUW,diamond,1,,euw
xxMrWorldwidexx#EUW,diamond,1,,euw
Eliminar#EUW,diamond,1,,euw
JonteMoped#EUW,diamond,1,,euw
Etienne#5623,diamond,1,,euw
got2game#EUW,diamond,1,,euw
vBpBurke#EUW,diamond,1,,euw
ªº     ð     ºª#EUW,diamond,1,2%,euw
Medis#URMOM,diamond,1,,euw
Profpartytime#EUW,diamond,1,,euw
Qaai#BLA,diamond,1,,euw
KanaxSenpai#EUW,diamond,1,,euw
YosieSmiley#SMILE,diamond,1,,euw
Ji Woon Hak#SCRFC,diamond,1,,euw
Invincible#EUWXD,diamond,1,,euw
Bicky#EUW,diamond,1,,euw
ANDRE VENTURA 26#CHEGA,diamond,1,,euw
Meliodas#6eyes,diamond,1,,euw
çipetpet#4012,diamond,1,3%,euw
Farmer52#ABCX,diamond,1,,euw
DPL ABdelhadi #EUW,diamond,1,,euw
Dopamin addict#DOPE,diamond,1,,euw
Yshuro67#GOYIM,diamond,1,,euw
ANA#FOKOS,diamond,1,,euw
croute de pipi#caca,diamond,1,,euw
Drubadopa#xdd,diamond,1,,euw
a zoe on speed#zoe,diamond,1,,euw
Poollo#EUW,diamond,1,,euw
Ragu#bob,diamond,1,,euw
Muraa#Mura,diamond,1,,euw
Ryflax#EUW,diamond,1,,euw
floxx21#EUW,diamond,1,,euw
Zedpecker#8002,diamond,1,,euw
ChristianWarZ#EUW,diamond,1,,euw
EHPAD Patrouille#Riven,diamond,1,,euw
SUPER GROS CACA#CACA,diamond,1,,euw
4 IQ 4 Shots#9118,diamond,1,4%,euw
Cocatee#Pog,diamond,1,,euw
Ooniromenti#EUW,diamond,1,,euw
Ukiyo#1796,diamond,1,,euw
outclimbinglows#bye,diamond,1,,euw
Drabar#Prime,diamond,1,,euw
countersebbe#EUW,diamond,1,,euw
VildDjaur#EUW,diamond,1,,euw
Doomy le noobi#Choc,diamond,1,,euw
Frysqo#EUW,diamond,1,,euw
Azex#Azux,diamond,1,,euw
InvictusAT#EUW,diamond,1,,euw
Get rekt by Ornn#766,diamond,1,,euw
Kouik#EUW,diamond,1,,euw
Now1K#1337,diamond,1,,euw
Keochen#EUW9,diamond,1,,euw
Freezing Spell#EUW,diamond,1,,euw
Vray#TOP,diamond,1,,euw
UncleDanny#Danny,diamond,1,,euw
Harawyn#EUW,diamond,1,,euw
DisneySentMe#TTV,diamond,1,,euw
Apocxxx#EUW,diamond,1,,euw
Pišiak#EUWS,diamond,1,5%,euw
Luka Vušković#GOAT,diamond,1,5%,euw
Truxlive#BNZ,diamond,1,,euw
Niizu#0705,diamond,1,,euw
RANK#RAWR,diamond,1,,euw
Silücrert#251,diamond,1,3%,euw
IIIEIIEIII#IEI,diamond,1,,euw
Abethadamest#9284,diamond,1,,euw
bartman4#ARAM,diamond,1,,euw
kelcoberk#zınQ,diamond,1,4%,euw
RAYGUN1488HH#1488H,diamond,1,,euw
SOTT SOTT SOTT#SOTT,diamond,1,,euw
GoodGoose#4863,diamond,1,,euw
RazyRaw#RYRW,diamond,1,,euw
Restrict#V07,diamond,1,,euw
cute anime girl#Pacov,diamond,1,,euw
Serialz Power#EUW,diamond,1,,euw
yoyobrawz#742,diamond,1,,euw
Gwen is Immune#Edged,diamond,1,,euw
Cassiopea#6994,diamond,1,,euw
RAMMUS FROM EUNE#XDXDX,diamond,1,,euw
ChemioSupport#6767,diamond,1,,euw
Bugajus#LTU,diamond,1,,euw
beko#sup,diamond,1,,euw
hurtig hjort#EUW,diamond,1,,euw
TheShockX#EUW,diamond,1,,euw
Bidimurien#EUW,diamond,1,,euw
tov abale#motek,diamond,1,,euw
iFourleafclover#9999,diamond,1,,euw
balkan player#000,diamond,1,,euw
shyru#EUW01,diamond,1,,euw
fairy#3334,diamond,500,,euw
Agent Cooper#Peak,diamond,500,50%,euw
Lurban#EUWW,diamond,500,43%,euw
OvaleLoL#Ovale,diamond,500,45%,euw
Waeoloinu#EUW,diamond,500,47%,euw
Master Yi 1V5#EUW,diamond,500,52%,euw
Wuka#EUW,diamond,500,49%,euw
unstable player#EUW,diamond,500,50%,euw
68123#VOCKL,diamond,500,50%,euw
Varvalianos#EUW,diamond,500,49%,euw
no enemies#RANK1,diamond,500,42%,euw
Duy Leo#1208,diamond,500,43%,euw
TiMELESSPAiN666#720,diamond,720,49%,euw
Lüsches#12314,diamond,500,51%,euw
yoRick and Morty#blurb,diamond,500,51%,euw
i lose all#lost,diamond,500,51%,euw
Rot Kari #EUW,diamond,500,47%,euw
αdil#MAR,diamond,500,52%,euw
OG emiliozas#laimi,diamond,500,41%,euw
v2bgang jg acc#daev,diamond,500,35%,euw
hhhhjjjjjjj#EUW,diamond,500,100%,euw
Arkist#FMC,diamond,500,51%,euw
eliteidrees#EUW,diamond,500,40%,euw
Bürgermeister#löhne,diamond,500,50%,euw
Røronoa Zørro#EUW,diamond,500,51%,euw
MACRON EXPLOSION#58981,diamond,500,51%,euw
COZzoSKIllz#EUW,diamond,500,48%,euw
TheSqeeZ#EUW,diamond,500,15%,euw
Main Estampada#EUW,diamond,500,52%,euw
C Ø D Ø R#EUW,diamond,500,47%,euw
BonVieuxEtObese#gros,diamond,500,43%,euw
LABUBUDEMON75#DRAV,diamond,500,43%,euw
Cuzz I can#MEOW,diamond,500,53%,euw
Fancy Kip#EUW,diamond,500,46%,euw
SinterBlade#EUW,diamond,500,47%,euw
Filip312#EUW,diamond,500,47%,euw
farslillepige#nicho,diamond,500,52%,euw
zhavm#EUW,diamond,500,53%,euw
R4chter Reborn#Mercy,diamond,500,43%,euw
Angurio#EUW,diamond,500,48%,euw
bocata lomo ya#BLY,diamond,500,52%,euw
Foxxsen#EUW,diamond,500,46%,euw
BrokenSoul#9016,diamond,500,51%,euw
Sous Six Seven#ZYZZ,diamond,500,53%,euw
Toshiro#361,diamond,361,47%,euw
cinnamon4#4444,diamond,500,52%,euw
ΣDDΥ#EDDY,diamond,500,46%,euw
Srw#000,diamond,5,49%,euw
FCP Gùmoo#FCPOM,diamond,500,53%,euw
Rel19#1904,diamond,500,53%,euw
Sk1T Odonnous#2222,diamond,500,45%,euw
Tabularasa#2284,diamond,500,44%,euw
Mango Tree#Mmmmm,diamond,500,45%,euw
Aeschyli#AES,diamond,500,52%,euw
IHateThisGame#URGOT,diamond,500,46%,euw
mMinase#000,diamond,0,45%,euw
futile devices#123,diamond,123,47%,euw
Memut#TR14,diamond,500,52%,euw
Support manage#brick,diamond,500,44%,euw
MiaufürMich#miau,diamond,500,49%,euw
Kojigiri#0000,diamond,500,27%,euw
Jack Hanma#369,diamond,369,50%,euw
Rloanchan#8205,diamond,500,49%,euw
VelvetTenno#EUW12,diamond,500,46%,euw
Alexander Irelia#ERIKA,diamond,500,48%,euw
Taurina#BYN,diamond,500,49%,euw
lezicii101#123,diamond,123,36%,euw
BLackaizer#RUN,diamond,500,50%,euw
IQ Diffff#EUW,diamond,500,44%,euw
3 2 1 bang#EUW12,diamond,500,51%,euw
Daddy D#EUW,diamond,500,43%,euw
Aquarioum#EUW,diamond,500,48%,euw
tempo#3123,diamond,500,51%,euw
BubblePiłker#4wb,diamond,500,48%,euw
очи зЕлени мой#свят,diamond,500,48%,euw
Noblesse#5088,diamond,500,42%,euw
MentalStupéfiant#EUW,diamond,500,50%,euw
мини пека#амням,diamond,500,47%,euw
Uee#EU1,diamond,500,56%,euw
Dominowy#EUW,diamond,500,47%,euw
MCIYAS#DAWG,diamond,500,40%,euw
iSBuck#EUW,diamond,500,49%,euw
exhale#WIN,diamond,500,50%,euw
BuntaEU#1337,diamond,500,42%,euw
Große Bot Diff#EUW,diamond,500,50%,euw
Miraclubóy#3638,diamond,500,43%,euw
FαtαΙ#Marx,diamond,500,43%,euw
sukkubbus1#EUW,diamond,500,51%,euw
Kyhtéra#EUW,diamond,500,53%,euw
Isildur#3209,diamond,500,48%,euw
qwee3eq#qwq,diamond,500,42%,euw
ShacoTism#123,diamond,123,45%,euw
Fizzkhalifa#5899,diamond,500,44%,euw
I76I#EUW,diamond,500,50%,euw
Altria#EVA01,diamond,500,41%,euw
K1NG#lau,diamond,500,44%,euw
Gr3NoXx#EUW,diamond,500,50%,euw
Lunsino#EUW,diamond,500,48%,euw
lnvencheater#EUW,diamond,500,47%,euw
Ð E F Ξ C T ˇ#EUW,diamond,500,50%,euw
fairy#3334,diamond,8,45%,euw
Agent Cooper#Peak,diamond,1,,euw
Lurban#EUWW,diamond,1,,euw
OvaleLoL#Ovale,diamond,1,,euw
Waeoloinu#EUW,diamond,1,,euw
Master Yi 1V5#EUW,diamond,1,,euw
Wuka#EUW,diamond,1,,euw
unstable player#EUW,diamond,1,,euw
68123#VOCKL,diamond,1,,euw
Varvalianos#EUW,diamond,1,,euw
no enemies#RANK1,diamond,1,,euw
Duy Leo#1208,diamond,1,,euw
TiMELESSPAiN666#720,diamond,1,,euw
Lüsches#12314,diamond,1,3%,euw
yoRick and Morty#blurb,diamond,1,,euw
i lose all#lost,diamond,1,,euw
Rot Kari #EUW,diamond,1,,euw
αdil#MAR,diamond,1,,euw
OG emiliozas#laimi,diamond,1,,euw
v2bgang jg acc#daev,diamond,1,,euw
hhhhjjjjjjj#EUW,diamond,1,,euw
Arkist#FMC,diamond,1,,euw
eliteidrees#EUW,diamond,1,,euw
Bürgermeister#löhne,diamond,1,3%,euw
Røronoa Zørro#EUW,diamond,1,3%,euw
MACRON EXPLOSION#58981,diamond,1,,euw
COZzoSKIllz#EUW,diamond,1,,euw
TheSqeeZ#EUW,diamond,1,,euw
Main Estampada#EUW,diamond,1,,euw
C Ø D Ø R#EUW,diamond,1,20%,euw
BonVieuxEtObese#gros,diamond,1,,euw
LABUBUDEMON75#DRAV,diamond,1,,euw
Cuzz I can#MEOW,diamond,1,,euw
Fancy Kip#EUW,diamond,1,,euw
SinterBlade#EUW,diamond,1,,euw
Filip312#EUW,diamond,1,,euw
farslillepige#nicho,diamond,1,,euw
zhavm#EUW,diamond,1,,euw
R4chter Reborn#Mercy,diamond,1,,euw
Angurio#EUW,diamond,1,,euw
bocata lomo ya#BLY,diamond,1,,euw
Foxxsen#EUW,diamond,1,,euw
BrokenSoul#9016,diamond,1,,euw
Sous Six Seven#ZYZZ,diamond,1,,euw
Toshiro#361,diamond,1,,euw
cinnamon4#4444,diamond,1,,euw
ΣDDΥ#EDDY,diamond,1,,euw
Srw#000,diamond,1,,euw
FCP Gùmoo#FCPOM,diamond,1,3%,euw
Rel19#1904,diamond,1,,euw
Sk1T Odonnous#2222,diamond,1,,euw
Tabularasa#2284,diamond,1,,euw
Mango Tree#Mmmmm,diamond,1,,euw
Aeschyli#AES,diamond,1,,euw
IHateThisGame#URGOT,diamond,1,,euw
mMinase#000,diamond,1,,euw
futile devices#123,diamond,1,,euw
Memut#TR14,diamond,1,,euw
Support manage#brick,diamond,1,,euw
MiaufürMich#miau,diamond,1,3%,euw
Kojigiri#0000,diamond,1,,euw
Jack Hanma#369,diamond,1,,euw
Rloanchan#8205,diamond,1,,euw
VelvetTenno#EUW12,diamond,1,,euw
Alexander Irelia#ERIKA,diamond,1,,euw
Taurina#BYN,diamond,1,,euw
lezicii101#123,diamond,1,,euw
BLackaizer#RUN,diamond,1,,euw
IQ Diffff#EUW,diamond,1,,euw
3 2 1 bang#EUW12,diamond,1,3%,euw
Daddy D#EUW,diamond,1,,euw
Aquarioum#EUW,diamond,1,,euw
tempo#3123,diamond,1,,euw
BubblePiłker#4wb,diamond,1,5%,euw
очи зЕлени мой#свят,diamond,1,0%,euw
Noblesse#5088,diamond,1,,euw
MentalStupéfiant#EUW,diamond,1,3%,euw
мини пека#амням,diamond,1,0%,euw
Uee#EU1,diamond,1,,euw
Dominowy#EUW,diamond,1,,euw
MCIYAS#DAWG,diamond,1,,euw
iSBuck#EUW,diamond,1,,euw
exhale#WIN,diamond,1,,euw
BuntaEU#1337,diamond,1,,euw
Große Bot Diff#EUW,diamond,1,3%,euw
Miraclubóy#3638,diamond,1,3%,euw
FαtαΙ#Marx,diamond,1,1%,euw
sukkubbus1#EUW,diamond,1,,euw
Kyhtéra#EUW,diamond,1,3%,euw
Isildur#3209,diamond,1,,euw
qwee3eq#qwq,diamond,1,,euw
ShacoTism#123,diamond,1,,euw
Fizzkhalifa#5899,diamond,1,,euw
I76I#EUW,diamond,1,,euw
Altria#EVA01,diamond,1,,euw
K1NG#lau,diamond,1,,euw
Gr3NoXx#EUW,diamond,1,,euw
Lunsino#EUW,diamond,1,,euw
lnvencheater#EUW,diamond,1,,euw
Ð E F Ξ C T ˇ#EUW,diamond,1,3%,euw
