puuid,summoner_name,tier,region
lORFiQwTi0sjBXeIjhYZ_tw7VUxVkAwu5aKtbIenmItshPbn6H9tzZVJ0j-MRtoYCLkybwK11ysIDA,sm3x#EUW,Iron,EUW1
ddDfyiApiiFMsgHPpPenl4FuOXx95NrlSQZKRNSuLukUjpza49Bk-DmKt507GqyXDpv1EgHkdT81Rg,TarnishedOne#2007,Iron,EUW1
Puwn877u8OL8g6vHhCQuvRTAy2FgrlafCJ7qWgu3oXeAYwlqMVVg2E9Sv6z6IPW_REV5qegrCTEfHA,Wishaman#EUW,Iron,EUW1
SQfGh3HQ9C1hpSP8K7g8seeNh1O-wGvVBmsvt1TJE1swC1CgLCvQsvgO71dN-mAcmRGd8p4FrNXtkQ,Slash71#barra,Iron,EUW1
pf1Lpp_XK285tDnijWgiIlgrheS0fFjFjrJfr0T369xxfz2KtTBu0KPEpIDKOE6BKHzT8BvD4BY_Bg,BabyBoy#1013,Iron,EUW1
bKDKIK2TmKaRDNg5fHh-DD8GHevvxYTD9fFY7USQ9YPMIhufIHLodI1rKA_qeJbVYKgCmpwkg7d4xA,Counter34#EUW,Iron,EUW1
puA2FE4Hfg2zgRKElWpgVnAy0tjK_lXQEQG16ir2k88yHtRARKTe7sOBMtcIEH_IbNdcQ-8Lt-vRRw,BillyCorgan PT#EUW,Iron,EUW1
iS__EHtZALDHYYZIww3XEgniLp-8wxA5viuBoTzZAnwdDzATR0sreKrLXUx0OZxjZdx27qS_dUnqYg,DaddyZac#uwu,Iron,EUW1
pekptwDr58Wrp2SBKMQXM8FLTOgQthtpFf_Q6t7wKYOcg-Xz75YfqQZ3rz5g209C8uH3kJ74SGSdcg,CaptainMagma#SBK,Iron,EUW1
o5yBY-_Xn-SfMSbfRK50MISA-gH3pFtHFrpGyvp3Z2LXf5TA6OysQlz_4AHNQyxMrjS3SU288sclXQ,Uplift#Shuck,Iron,EUW1
AXADEX8f9T71IZ0cJOgAJ_q2GW2JHZzYV-RgZi3rN_P_tj9fYP_xUUzuWNjo2QvD-iesR2dfUg-4Ig,zazar79#you,Iron,EUW1
3rBhJWnDboc3_vGSe5XRrDMqpRBgHQ9CVx9h_ZPyJl3rHfWQdM_LlDey8J2mxKMd8G3LWYCg9gjVNQ,Simen Promp#8250,Iron,EUW1
4LnLZbA84ZDlB-EiWzrlOQ0mqkLSEDhGbbMdlhDO1jow52FkuQMWBjGjuR8_0F4CkkN4MfBxMseq_Q,zeppelin2s#EUW,Iron,EUW1
wRfxIa8VgVlNhHbDXVdl_VTtdCCrluAPq3_Dfy1s_upGPNMGslCnG-K9EQByqfn9zVcu-VbbKAJlyA,enjoyitdark#EUW,Iron,EUW1
I2ZElY7RRRS4nR6-VvXznleP6Z31jVx4lp2XGRNXhM_xwWTHKqTHta5phoXpSAJ3_4LTx8kQBAQnOA,Vhorax#6969,Iron,EUW1
aCmMUK0a4od5iMNoWdEsXxARoUL3VcD4eOtj8nbk4LPb5SiQAmE170WMlHE0VE30qJWSaKx_wm9R_w,Schino321#EUW,Iron,EUW1
OjLMJkJm3E87O0E_W4VV1iFVVm4wcR04vXTenHslisjODRM5iUFAAkuMRxQ4ZUSVeE6uU_JQXBBHhA,Xelon6#EUW,Iron,EUW1
DHetnOiCKoTOZs3IbPrD1xJmIuZc-F7g3QKW1Y6OXePq66SOzNT1AhJ2VUYEaDH3_ZtZ8qYMyfxT-g,D3rHolzkopf#EUW,Iron,EUW1
BOQHbJtjZdQt_sS9yWjfzvBvbaSDRQljNdnr-AN-H2z4Atfcs_rxfk0SYaCFBiycsEO9PGY5aisNbg,PoissKaï#SOS,Iron,EUW1
lhLZt7tFeaYQLmXNB5_aoXOy9Ssm2UhSM0nmYFOkL4bFbHwrWD8ba5G7uz-z7qNMAEhTfYPAvp6y_g,offcell#EUW,Iron,EUW1
pVwuML6zqzJCBRMdIwlK68xjhwjzvAdyiQLJyX-aGQo3VnA1nuhRV5Hwb84LAyiHtyJdIXjLsYNG5w,megamorf1#EUW,Iron,EUW1
TpBQ10wq0rB-2KGDOA-6Q15dBpbp5OSJXiN-Mti8IzVdOpsLXb4wPLFhloy99kknPL4hNg0ZznImtQ,VanillaGorillar#EUW,Iron,EUW1
k-7vrOw20nKt1wDsyDkiKUWaUHANllWDX1hhfsbKYppMK09SflQuzlkYNGU7ybUWRRaC4PHNB-Adeg,Senate SPQR#EUW,Iron,EUW1
l2jmvrKpOdqvIoNfPgiHMWnOAZ_V8RPS0QD2hVy6SCPSBp_DAf7rmlhjB0_uV4q1dro4wIGG7spcug,L4mmA#EUW,Iron,EUW1
UTKzU_YKY41kNgDAegYZi8fw60ex7ZGDTlw0cpu9lQIbMzzDpp0eglSzuXZltvC9CiQ8m1PdVnsUgQ,smallgothicbat#8108,Iron,EUW1
unGcrZa6_JjOUYRruXq2IXnM3NcLjFohNYQn79vFb3ib5gMAkm4W5OKtq8lY5wJm-G-QRXiTjqBfsw,Blake001#Z14,Iron,EUW1
PY7IEGDCU2IRLE3RW6LK2P9FHd3rwYK8w_AQ1Hsmrua7G87EGEhJDclTOtwUftZEuUYGfE7FlUJ7tA,Rydengiu#00512,Iron,EUW1
G2-uOKbl3vYTJTvH6iPjDZ2ZKti16sjCCCJ3Sgc2ckjl6k_EkuDc6i3iQMt-wfXhnwDj6IYr7zzYww,Shadow Storm#1328,Iron,EUW1
LzDyvGMvhqsAn5arjgMQvpFVY1CmbTGK5zYYtSh06yxH5XqK4d9uiPkhv0owX7t1E8G0NcbUpuasAQ,YoyoLaTache#3977,Iron,EUW1
jDK9MTxsM201p0jli8ddLg2Nw3vut7elLQWT9NAHNZ9cMXrpdAQOwgUsH2FU5_VKWZ42Q6AD70Yaxg,dbebcuebve#NTMD,Iron,EUW1
-n6xWYI70W6ruoiMtbRzUUKuvAarQpg3NlThaTMgm458WHbgUQ6cCx1uR0Z0keL7E_nZ58_6rVaygA,SKD Kazdalerie#MÉGA,Iron,EUW1
nCdc2z93GHh3KSKX3vDR754y78wtaz6Pwv226bYiZcRKh0yVVIK8tpJTycVyXHBPCgzoDwY9YCFwVA,Briarfeetlover#2849,Iron,EUW1
gB9F_SQ26SnkAEITR9r4Ze4Sw-iLDFdvfkSICxJbVqqrCvQ5YPROdjPwZrK4TM-CLmtTORsAYexHjw,WAAZZAAAAAAAAAAA#4269,Iron,EUW1
ekqvly8707hL1nxMlgeCpiYikOZK7EUnQYzoOoGuBC0o24hZo5IKb2G-LMzlbQu-e4nOsyEDhINW5A,LCDL poledore#smurf,Iron,EUW1
ZKzXdoJbEoIAGLyXVo6OX2a_WzTGvSVQ4CJpp3_WFsiOGGzyOIkeBwFBVgQBoS_bI3eOg7tZS6LGXg,immelkalvopora#12345,Iron,EUW1
KJGX_1LS13HGvBmdUtf4UC6ts8IFK19N4FpyQ49Wj_HjeLg4PhXSQYflcpWR4APcY3mjcKFpvURlsw,rayz#2909,Iron,EUW1
lEF7Fznjz8RPvOr95H7ZnXrsR_62ZSjIlgzhi7aivSgRWCSfoqzBd1eLq80xbhFmJa4yZ2EJTmKoDw,nthx#0000,Iron,EUW1
rC7RFYWohmBibBWncrUnEHeB4hEToi2Cj8-Yqm28z2OkCm7XzFdpZT8NPspZ_IH7VrbkClQNfwOxwA,Nyzox#3458,Iron,EUW1
aHuLEMbdEf16X16ZafVo2lYll3yphbiJ1bWOsblQMs4Jo5z6B5N5I6GMV-veFha59KEJngWwE2xivw,BigWizzleKizzle#SIGMA,Iron,EUW1
7X6L_Lgpe5LiBc_zVRUepq0NP1BJYPowyYVoUapIiIkaFYo4FVe4dCTHhxcGhC0-OL4Hm6jk-ioVpA,dnm007#15545,Iron,EUW1
ct9aEQsiDv_iglTMJHUpoR8T6lr6WkIrYBD7ZXOdVeld5B0aH8pMLwhxD96dxvaOyXGqwEKIpmteQw,s3xyprincess#sexy,Iron,EUW1
lA0wM7trtSYEVDMu0dwkyZPpWEnLWMofFKkz0nbvmUrYGGODdwHvlzT7vbqNaPaGd9V9Fp4wSgs6LA,Trywkimorm#5947,Iron,EUW1
CQ2v2w51wOX2bElaFKMTbwriTAPDhqtax_TOmKXreTsN3_AY19Ea8Ri_22FjUolo1kVD7efUbFsjTA,XenoBL00D#0204,Iron,EUW1
xSxhKC6OM47vhAePwt0ns8ToddllQbp92Bi1E9BUe8Q-KglaNwaX5CKnVihSQCoxQLSLn_A8EwT59w,ekologiko#2206,Iron,EUW1
3VBmwMNViJQFjMn2EwLtDg8qS4x92eq5SwUfNN9CIvG7HZqnB4yApAgYWUb2_EK_wls9C4rXmMM3lw,KreeepKreeeep#937,Iron,EUW1
KH5XAsmB6PE5zZLxLMQ4vnomRheR1TTNY2oFWEmNeDnjr__kSf20ynOkKx-gfOyxfNGUlLuQSvDzcA,Thalmie#mama,Iron,EUW1
WF65F-_HCot6kQtZsL8nS6pdXkoN_qkWXJMfAVrDYi1kf_FTwYt86j1gPlMNzXofVk78Rq4yUiAtgQ,mtfbaseball#380,Iron,EUW1
rCMTuov3fquJDnAzSfLvCA-5pqXya_xLDtlYupZZPquqAqrN4rqG969gUY-i8UVEgrTmkQROgiuw4g,Knight Faker#1234,Iron,EUW1
EAq7ek9GvAgNUbuAiRIdNRqnrVaruO1IyfoFrBGbPrtioFazSUJJikc1fAjO-PQdN3WtTkHTU42sbA,KrtLcs007#00007,Iron,EUW1
5rF-uJntv9b6CKKFuRpyrlvby-myBmRtDSSrZguJ-4vgrZu-9M6nLDHLXscHlkz9RVoLF3DxvWntGA,Omaaar37#jaime,Iron,EUW1
DixKmxufbr2qriV1ln6yjoKGw-Y22AZ9CpP223OeUkK8Iia7Y_v41LULeKki3ChTRyKJyvhmosbIZw,Capitaine#letal,Iron,EUW1
WrTe9ONZp0ULNAME1F7fLrFuds9c-CHHejnkXuyC_db3EQ5_5rbBKBNshDmTZP1lc2UOILGqB59mdw,ZAHZAH#40020,Iron,EUW1
b9y9ey7K8CL8FpxACu5g0lW3fR7p6xQ9FQhZ4eGnHZMSPF2CcpMv-WO5Y4rEPcB-1kmVo_ESE1GFOQ,George Fl0yd#888,Iron,EUW1
IYhT0uTuPcXCIeTlwlzZT3VdDo_kyaYsGQv9siLWrz35zJdwKWBVxtF4hREmQScpsCVYTOT0m-sa3Q,ThePlague#049,Iron,EUW1
N8W4IrGplBJKH0r4w6b52ToJy8EGHY-2P2dXXC5FklRsio-xq5fsfSAcSAN-2rGKScfWeY-TgSYVYg,Para#0139,Iron,EUW1
K3p1gQn70EQMBW9ZVTBh81qZ_DARdCfIxQY7i5j2tzskBwWV9Zg2Vdy57rWZvYbm2D-6xH9frZPSHg,NBA#sosa,Iron,EUW1
7tcSgnC0izjDcsDux_oHnkZ53V8RUEefnRR2hcnnKJDXNilYJzFOiMQ94AHLWg7jEtdR7NcdrM_qBw,Flushi#65731,Iron,EUW1
iSfzBGFVwxr6UKySXrULraGZy9BB8Idj_lWUVdMwEg53ywu_zAE-kn7Y5tPbfPdL1Uvlws4lHkdCEQ,Lanøuilleツ#3445,Iron,EUW1
W-khdIOSl1r72bOly77Sq-fy9KVtQnx3MsjmN3240H9FQRIvDLjqH72FAORfAzDBF3GD9vrZXewbWw,Witalorda#9053,Iron,EUW1
Iy37SpIHD2OreIm96QSbTA47E0LJk4hQIzIQXCUijeI-e5DBIxYpr1mqB7wE6N8wV6e6MZfR6JHKpQ,gucigengas#4770,Iron,EUW1
rHgzQnFbFmCr6_kJP3ddlkLyknWYP9co6kJSKwP-0uRVAyyYw3vaNHMbjpFb05AJqGmy82Z1h2YPCQ,goudepauw#2615,Iron,EUW1
7PkDd6SfEFfKsZtBrY8fK61HWFZJ2ERj4SUuOfABhh0pmK2fp617VpdiWvpnzGHr1QC3PGHjOqFeBw,Specs5523#3791,Iron,EUW1
QuCilgTDYAnqVFBIx6rrkEuLixtP1psPOi8WPfMYx5P1zghRyuUMVnB5UKwYr8pC4Vg_eeXQtk5ufw,curiculum#6809,Iron,EUW1
_-rJwN4kl8qTDw-uut_KrwbbiSlL3auveV7Mr6E9lZKVRXUqKpLccipumWvyD_dliSXYAwrABblWtQ,Thyhel#EUW,Iron,EUW1
MdbJHAhj-7kNr1A3b8hahOCQ3n_PT19_ZhglCnSfl7oaR3qH6o0LN5NHBqUhXMc9E57CIwNoNrMmSA,Swissmain#6699,Iron,EUW1
spgMn15fiNgqsyDCnRwJINSe2ahYyFZFmKv0wrPCoqZwQtKfwm3pJy3e7IGArgrBVkqqSUiHWg8gvg,FelinBison#EUW,Iron,EUW1
3jrKHb8kkc_5qOJnE-V6N0OBB0m4g62IO-oJJIPP4ltk9Bwij2Snmgy1qXNNeacgsq7NmMTnjdxQFA,Monkey Paw#0421,Iron,EUW1
lKxFi01xMSn2poCmEvH5efG_1IhYfs2i0qn6UGQIrHoXKJoGwFRyfk9evCcQnQt6NQOO5T_pfjZ9Ow,0AIM MONTAGNE#6776,Iron,EUW1
rwaCQDSpIbGzePKeXyyQU0lneJcn8QMWo59axEr_kpbVGbCEnLIb0ivOzNhM7bqfj5qo2eEDHhqT5w,Drizzit#fr83,Iron,EUW1
dE2Ninr0u7_b2fiCKZXmNInlBKnLDFAg2oa3HXQRPxKfBKolPgq0zmn-H_DpXhgpxa7tAP3HQJ8gtQ,LeBear James#G23T,Iron,EUW1
1dKQKVjRN4DPEq1kUrX3ulhjm7HCG1E790zY6QlazRmKsp2VIE1VrPlm0rYyv0ts3hJgSP7LX7qnCw,PoloChrom#EUW,Iron,EUW1
pKDcZ0QsTJIaINaXryEhn6-p2HWckpzYfioA5P3rOULzftHuxeZ_cFELMI6CwETbqvcb-q3HT_aBzw,Fragdochnochmal#EUW,Iron,EUW1
8WtPmEoDTtwMp-TyfQkEQXopBX2WjD5C4nqsiR3klK1o8hspYfBzZ2Auf0opuWKN6o7uKZ3LS8pNWA,Klench4Kench#EUW,Iron,EUW1
4TR98pfxutevWom7Q3wrT5pLzGE28XWv0sejKDayc0NDJEr8U6wywi3QfqiWLd0NB3FHkA5wXSOFqw,Arami#7072,Iron,EUW1
hthgUwRNWly24nFcufvVcZAxHDNHJao6nPPRAHCTqzK51Zyo6NmesoG7XpGEQoBHP3PkYENJwve5kg,Nurgle#PEST,Iron,EUW1
B0ZeqED1-pK5OEIfH6zA9iZFP-wNkUUGaWHk1JrW81Bmz9zHK4gE-Jjpi7hzO0YdUa3bA739nzHKcA,Wanderer#ORV,Iron,EUW1
DXjQIupA8beJ3tfk-SJ4x-8Z779j-Ott7Zr_eS5osIYGnpULhXwjj1Xh8a0f6CQGGEZxnNOGvJq5Cw,EzioCorleone#7146,Iron,EUW1
JBMWje0U4ZB_3eAIX72aKBK47vBG-z9UTQoVxsduHBZAD52zPhf16Ms5Uft_x3hMv_t6XnoDA9xMyA,yuancabalo#EUW,Iron,EUW1
-6q2Cy4q6Kn94OsC8vp-KPAwbiXN4mtl9gPpBWe7k1vJm9HUsU0q97LizgOP72mrNYXCaDOwuoexZQ,FoulLegacy69#EUW,Iron,EUW1
gEVnWMfamnMYaqGX_ai3QSyOpsodUf9uOND-GxeMPxvyjBnLGehJN0FnsYQAaQF0kQPn3RW26p2qcA,Tive#moon,Iron,EUW1
fM-MYPV8bqRNtmeFZIbxlUWUGIWajZU7Ea0NSKW6buHkFRXHPe6T5yUSClp257QBj9gAm4fIkVenjg,M8 acsangoku#0000,Iron,EUW1
z6TpNSCWfVr6aAaZZyqj8NydMYFfap0Bl8TMMO6Yk5LmwmNYZxC7VwSknEadohM4BXyYY9sAVscQsQ,Ya3rub#EUW,Iron,EUW1
VVVgWGl_fghmMiitqQfLNQo3CStUPBIzrPv3Jh06v21UQ5eP9PKql7MA5TUnL-lM0vDYG3BUHOY21g,zeriigaming#EUW,Iron,EUW1
eOuVC4uVx_LaSzB3wLw8hYlu8QCydwPqw4UGlWuVKbL81rRy32vLUo-_HFrQtj2z2MAAYEbAGzQcyg,fated to perish#jfl,Iron,EUW1
-9FOT3wcWBteK4_lme_4HswBdgSBy-D84-OM4sRKaZLNMPpbtPWQKyxebjFd_PfeghUY8rtvdf7rEw,lshenzy97#EUW,Iron,EUW1
UdXIiZiBTGnTXRAPRXNIgcMPtCukExAhWnuNp2fbdtMMcz9XBkBfPersuQvuGi6e3p1v8CTV6c_hXg,Huru#00001,Iron,EUW1
xx6TI8xxB8YtfJlPMT0m_u0RhguX7Hv3NPMm1EE0ja5wmRupvH-Qs_5S_ybIj0-nW5NvOTTu0Z599g,lordviktor11#4501,Iron,EUW1
vWXsCQY0G-x3rytqn2p1Nde-ga4Af_BpRXetg_AQl6V2jUglO2u5fPvoFFHQiRXp4P_jfC2iX-OC5Q,Genosse1312#EUW,Iron,EUW1
d0692PKYCaXKtWwYpa2VgFzIN5LURP9kUj4YmVK1wEP4Ejc3b0lQMpD4J82mujM1DB9V_HS0duoXcQ,SettOnmyFace#7441,Iron,EUW1
aqNW-XHdR5_-I_qjTE4vmnAMoK5DauPcHlliOTLdl3coDPAhhzHmBc2qOzGjy52D8w_9WROWtSzYpw,ArcadioPallo#4485,Iron,EUW1
Hjb83Kpw5-x63qdrI9n1W9MkHpNOBJ42m56K3WzPcApst0Bkq2GaHawv7weU57VoS_qMBq5NxbJW8w,harmleikurinn#101,Iron,EUW1
xcSm08dSwp1OD5dpkX7BjMj-1jqm7HXoniUBJBsN1BUs_dJq0Ab_1I4AL1-iVG-1BS4JpUPd4mY70Q,AuroRafalTéMor#5 57m,Iron,EUW1
WMHALG4k687bENlvMLzabAE71dgH9OflDdP2Kqei6vPWVruUoEaUdO1wGYXUgGGJ7bDuiNo4eNQoiA,relaxogam3r#EUW,Iron,EUW1
Gi6eAkz5xl08G1MHImAQFkhPINp59QOggNSrUchFthTe4C5kRCEP3TT12vdnTJ5DwJmzM0v9dWUMFw,Kampfzwerg 08#EUW,Iron,EUW1
aOF0hbSICYDDMnOQsxpmYsCwhN_AH9s_3DGUBl87KEyWQX8b8eQvClGM17x9Hi_3WGjCxiCeZjVjwg,Gr3atPlayzz#EUW,Iron,EUW1
-gxB9SnPQHNO_3l__WtDkhlVSQyoR_R-Uk1WimrrzYJPsDFQWWoMJnf1MQ3qQI8OLwEtOYU7eX5QXQ,Momochi#92i,Iron,EUW1
TrL_D1bEzWg1EIbQsWpSYwSeHTr6WTuFihhms2ar1kTEzofQ1XzBHrNhrejOAedyA07jEQ-482t4Sg,ElShero#9999,Iron,EUW1
8uiF7xcBCRPPNRTIpKzctcDW-W2_mKjKGQaVW2iSLT3mSJgWh7QcVHbXjB3UDIXbG7B3yLSQSNnSug,Gerardd#666,Iron,EUW1
aOC1hyJbvZI4EPutEo9pVCm9E9Sj1M4ek39LBFTYjNY26r_AIP_Ss096-H_MufYjzIbzp-O4A8gLIA,sono gay#6969,Iron,EUW1
R1YqrCWsAHFAVolOlv5vjWyMpAMpBGoveiseZO7PMHb-rJIRqlS6ji-taM6MBUDny9CIjp7cJ7S03A,GuccixOnduras#EUW,Iron,EUW1
I27--Z8etHfJiTd2G0MJRNso9cGYbbjXoN2TbIK7u-N9e2HWGSj06ww0x8kt-vG2P2JBoySqUXks-w,PTkiller2442#EUW,Iron,EUW1
9lK6FW88zYWXvLGXAh9AavH2fgcwRdhdVu5inHXaiqoIIuvWdQ0tfmk8SC0BeaChKCzBmTciw3Kblw,GODTOFITA15#EUW,Iron,EUW1
S97R25LJOS6UBdZia0zD9K8fnmuNRYOnM2LLd2GAr4F2ODx4balQX7PKuMMo1L1KbEM6f8DviGqmBg,gekyumlk#EUW,Iron,EUW1
IKuKfVEyzTyWhRii2B5Qjt2ggNJ9xeYm3od8Ri0BGICtPwP3yY_67blGw3LlC6SmfMJl--s3ljgRpg,S0VETRYNEN#EUW,Iron,EUW1
ney3E9eWVaFO8G2_Lq72yuErs8gO-2HwkCdNLiISz4Wr1ZfrQPvje64UK3kDyXHlXVOoDwZSXZ2PIw,20Lucky01#EUW,Iron,EUW1
DwN5uM2iKkodA9G9eMcg4Oq7CVbpNQc3B_2g4UJ9iOblW3C8jzjXB8vsozsrvKLBKgHK0NfANVPy2w,Pinpin#YUUMI,Iron,EUW1
cmWegwxMVnm4Tno7dFtxcTUpQlbdNaXSmonC_j7LWGpuGLX8JZBdWk4i2UfP9SoeEslTCxHqtm_Okg,Stormdaddy#EUW,Iron,EUW1
9HaIeEqbMNYfuhdF43LlGKjbrlM5Xbu4RpJsAReb3wlhx-NqZCixY-XH7n6kdfqUp54oP0Iq53fTuA,яx7#ЖЖЖ,Iron,EUW1
x0aVZn_Z8YofLwNHDKY_GOjx-gplbtpKW5W4YUuFNc3ZYPKoCEo7u6EYpdctWGUgsZHzUB4CwMnW0g,Kenzolone#EUW,Iron,EUW1
S6rHPgl8zSHSY1OVNMujcMopOD6nppEgNQb7vhAK_PyAvPDs3j_Y3vGCLnJDe59ccehl_VxmWkGEQw,XelarebornvE#EUW,Iron,EUW1
A6n8vR5qgoIRFtbEWquz43-t_1LT-PK-j6VVaDgZJLXJBbkTCq8ZutLLoITmt9DiXb_oqyOqIsmJMQ,Kiu Oho Yai Jang#EUW,Iron,EUW1
LpK4Er_O1JyDVGat9RIiAvtFG1MAI937Ptmn1vz8NDXl02kgTjPOb40NvmexevOscdwTxFngTXPqvw,SEEKER#7777,Iron,EUW1
611Foe8drBW1H7fi9YV3JeEuoHnQzrG3bUi3pcdM_xE-0N6KsFL-K5iR3hIQHKCuL1FlNrhmbbrRUQ,Worst Nightmare#GOD,Iron,EUW1
hlLfkceo86F74uFxXETctYRwNllns15wMm0XvlkpD9Cl2X3w6N_mer0_0hdjDzGVde_Dq2-GCtT6Dw,CATCHAWWW#0198,Iron,EUW1
Shm9l4zxtLaYJRwcw6y4qlx09npfgDGASPYhQwXJ_IL3V_BOH50RpFECL_FX2yc27_O8Q--OBJjPTw,matteobert#EUW,Iron,EUW1
cpgDhdrQmz73jMbWPbItFPIAuc162c9WT_3sg-KxoGBDGlr5wfVUhLKBp6Z-JbWPfHeAnAanJDHdTg,Lormar#pro,Iron,EUW1
S1sknA8CMmLrn_wxjhB68zrYVOSkWvF3z64q-7gVpw_SwI6EUxEx-hkLUwLwu7tp7DjctMGtTp_Qug,DarkRise#2026,Iron,EUW1
v9Ink4H7yNWtTq5IUifP_DZdrEbJx5OuTMGszhVW3PIIUyCqVrN_ShGslkQhODN0UpfwNsRGX2VCww,IdarTheBeast#EUW,Iron,EUW1
E4rPPPtquedu52yz_Lkh3yvlkvc0WFizM6xin02BqoFxrk2Cl_ApFkkZanXuVPiICalYPxANeBGNRw,AndréRoidPhd#Artif,Iron,EUW1
fSpXPwgutrlX9-sCw229-EKjlN1JFKn6g48lC92gOvqjTk2_kxgnng0uzpBxZmKp9MnqcbjT6JUHfQ,DOMLiZ#EUW,Iron,EUW1
4WcgIRUaRQY3IDaD7Ybzp-mNY1HGPGy0XyMSQCb8yUg0WPIV8L14-MepKyEq2IRoVANGJh-c082ZJg,maNekzzz#EUWes,Iron,EUW1
TCpR9Vj2TU2pgzecyb3jhsfHle8x6dNXqTr4V0khOI6kjVrWsSnIUcTn7XyQar7xZlmnlHkZmH9t8Q,oregon23#EUW,Iron,EUW1
5C8ZdvX3XmoprJ37iKbidsNCTNH4QgTYS1EF2rXZOBlkbRlhpzRV_T6kxQF5M6pSEvBGddbusW4nvg,MjrBezef#EUW,Iron,EUW1
7OKZFWmNTXGMeSJJaP90zcdbnXem6u3HfzCakYcz62SjWaD0yAfPk7JwczZr9k6SowXnH-Jlq8cOEw,GranCapitan#JLGC,Iron,EUW1
k1L53d1aYTdIP_MEmCwKKo-b9DOzGOX6VjhjHdmLgIa5nYi7k_OxkR6B6_gQ2MgWBzAg-92AhcFP-g,skydrow17000#3254,Iron,EUW1
6lx4zmzYv-9lXn4K9DI0iFWiI2L_ODB_XHp4wrjMPkVCn-Ln-DcsKlag1F6tNxD1DNRexk_U5UZD-A,Patjes#EUW,Iron,EUW1
W6D3ssUTnAsWJWMW5o_IHB1uUQINMhz9YhvtNTiqKi4bJrgNDVqsbmz9drbCr-SCzg4irPAGleY0hQ,RollonL#EUW,Iron,EUW1
1q8xNxwQukS994HQepylBI7q6rCJyYToGCeAh00WZ5zvgKB2F-mU-HvPvVCfxms2lkRd3UFprd2o0Q,Lakerolmaker#EUW,Iron,EUW1
x1PzcCeUTUtTeaTNM__L3z1YU5EXaZAl6xrCmUl25POLkW5ySvbtEE_tarAzsg6K_qQa4uV_FlFZKQ,Lapatatagustavo#ITA,Iron,EUW1
s906MnySlySepupABTPQdIARsPhY1HjGnh2JZ5fSdgE-rYp8hM71IiZbDn2fR9_0nZ-MEK-_T7i6ew,PL0pes#EUW,Iron,EUW1
Teq2wUk6MGFuHHmn8h3WrsRXDaUgt1T0HrDEt2ogEvnwieYUEShFEo4gC-Bb8G-OV0_5-kkBhSg4Gw,Wulf#EUW66,Iron,EUW1
5aXm8GHhOrkRCBWMr7rnWB5Ko0TXySxaIv0fIU3pvZtk_dZwCS7kMM__FoDobe_F330zZ3FSxC6_gA,MarieM230ZouAoui#EUW,Iron,EUW1
1_bZ6kHEimO2hcnbdkXvdNBlsi7_Bd_b-nS0LiHzTh5fb48DqOiH1wmc8Q1FsiVIqsbZz7nSMJmzmQ,Dolce2k#EUW,Iron,EUW1
eWdupQNuRZvRTkMoJsyh01F1S4OX66Cl1BrIKKVVIQYxNi7ZwvlMTm1rBVQ9hJhLmD9uI5pzZVCG7Q,CMD Tempris#EUW,Iron,EUW1
RhZvHDRQGkoJDzUBhECAbx6-nqV_atu-8O999iXvqi8jNSv-cQX9CZGrKFf2xImC8PrKddCig3yTYA,JohnnyOnGod#JGM,Iron,EUW1
_HOpznx0YTKJqxNmMn7yz-LtlOQH96J1se5IcxdKXGsGSjphWYtoTzDkGF9C_LpZsUngBmJqzxtwxA,Atzarm#EUW,Iron,EUW1
k-D4htX_RznvoyBE_VfGR5udbuZvHjwDzt4xFRtJkyPYTM2UkALRSvQTg5y1A32QzPMEVtsELINn3Q,b4nkrptt#EUW,Iron,EUW1
gzPDmrbla_UbB3yf0Mu0zqkMPmIu8fKrsxMHhf-m_bTNeoc5aqh_uS2-IzHFw6PXbPGOvUTwsrUrUw,Kimarhi#EUW,Iron,EUW1
Fnj3Bk3xs0aHr2tZ0kASgJtRYCKiekpjG0y0CArP8tQItOiSmi3Cmv2jXNbjq2jmOkSc6b1C7EiuDg,seraos95#EUW,Iron,EUW1
w6Apdsr6Irgw1VuGO4I5rEMYHU5LSYnLBZYVIh2VKk0WupsyOKqThI9J_ommj6ml7DVMDNBPU85_DA,Panterh3art#EUW,Iron,EUW1
lU-EW7xcVWq46iFs6rBPZIBs2CDBz8oxCoAuwzs2VRrcxa-WuOa5oNn5KL_35CXLMqM344CqQYC-yg,Lolylo#EUW,Iron,EUW1
0t025izEvEeMmZ4uZlMim9plbG6vJlXi21QioE2vwMe5Lc0nwEl7YGB9FM5Ev5U-x8GMJ-_mEE8XAQ,TacticKiwi#EUW,Iron,EUW1
hMws2FKG2mvLqYqvcIFVAqzP0C8m4qGtdJAkU1ZnmoIYkgn0HUXfvyqh7w6RfhkYSdUtj9TZQIGBmA,Darknoid#EUW,Iron,EUW1
B1w_bHfoGvuPNqDgyHKjNsJKsxNnx0PL2gt41mAwhkBiz7oEI7JDZORLPNNnkmjl8Cqr4kkLsrnxLQ,MaCaNetteDeDuFF#EUW,Iron,EUW1
Le6apd0-B5jvEy9gQJhHlijpJJ5KiCfoEfWyDkhKOOk0PFewMcHjJ4P3EekfOonl908WFoEGHOoqYg,Scordak#EUW,Iron,EUW1
UCFeuTLx4W9VNJiwAEpKMlcNf8B5l0ZgQTTFYxhchLNGLBk_ydjJw6Srftdk0_S0LwNMefoXOh2Ezg,Thufill#4951,Iron,EUW1
58OIOYy3kUL18BWpR62vYBkYfMOJr2o3O3y_2DrpkZ1EinF4heBa08Bg5elgwprscfoOJHp8mBSdFg,IGoblinKingI#777,Iron,EUW1
EzyAD_kCZd_xSb__EwPuybCIJV1RgkI6BGVgqQ4nkHrtJkzAZoRXoi2cNXU8DaQvUH8iDdWfL1Lw0A,Enzozo#213,Iron,EUW1
vJJk49vAYf62bpSzVPsa9zGLjo427Bekgc89idRHtn9Vs6D4M9puv2duN3R9DKZjERpXEoEyb3YCKg,UPS MaToutPris#Lflex,Iron,EUW1
IYMS0yRAMIH__6WBMddrEJj1sioefS1e2womRGB-ee5HTsIO5E5fGZS78PqXSM9AW7LwldM3DF9VEQ,shmitai#6655,Iron,EUW1
eEAiLvOv_gMcf5IF8Whd7UOEtIocQNqHH4ZPC9ScCUkNH2exFHjSGuFdSaZSR35ug2-pEtozuhSPEg,Aizensko#77003,Iron,EUW1
KBXitU7vrnfJYo1gq5nixbNuk48zlIMK1bLlBpP-Be7iMMVCTgT8qkxZ3L25Fd8-5Nz2Ao8rhG0HRg,HOSPITALIZADO22#Mora,Iron,EUW1
Z8lJDqcQthaQfUCwLqW4WGA9IgVtA6u-4BtJrrgvP5rO-KG5mJ1deZmeMP-I8ZNJ2LwWP0wkPDOoKQ,FaithAlbright#135,Iron,EUW1
VtdHWwj7yxUX8OvDsvP1LhzPC-Q_vXQGrZGFNuoQfv67n8lh3XW83BN609GeNTUosb2TS5wZLKEO8g,WarriorJar83#nite,Iron,EUW1
UaM8yLQs65qjsbKn5K2BS18nhWp_fuj66_RnzXnIMH4Jiy4I8b9QKx9xxT7jV_lWBwGw5F7Qv1ChKA,TheDi#DjDi,Iron,EUW1
JJDx8PTWf5si268orMacrldrVWW5hLwqruHBVDDI7MGxD11wCOzBHk1qilX1adqkgB0i08HPS7p-nQ,YoJebs#313,Iron,EUW1
L8bCUzqTEgfNO3t7kSkXKTfA3TlxxVQyWCq33lv7iR_J0RSNunYDmRzQHR4zXicuvk9kLQ7Lm3u8zg,mocrota#gavno,Iron,EUW1
3XQgqKnPQQWiw2VcwFKtOPujNwkiaQ3s4ItqlOzPJYxIAsR3ViWqQ2FWLNAQoy7cuwXopnBc7wbjRw,Nekkobullu#1901,Iron,EUW1
71h7jZw7LusU281WSckZ5VvE_EuOVx4fAD80jUvX6gcqPdb75vkJcbUnb-euidFLSRhiqSmBzzH1ZA,BMW M3#3169,Iron,EUW1
0r0XEAyTgt22baFmOO8K9TfuDxSqjpm8LtrwxUOJPsKq4v9IcHHypwuYlFIBPDZebMG9Bneq4WO5UQ,trueDMGonly#badro,Iron,EUW1
7pnWVm2qQnzIIVjHXOPpHI0T9zzqFGD-GGqmeYJgBmY3SbhDiHseGkPqAG50ZjA4AJKgWGl-bF8jPg,redu#1616,Iron,EUW1
8le0mHnBqB5yHqpD06LYpbZemoXjlaVVW3RjgQ1aR6hF8JFL8bWjxLtfKWRN3o2_dAZRfwwXuu4kvA,M8 GodOfGacha#5422,Iron,EUW1
2tbbq7qrDqVFB6dlfgVl6mig5OIJhu69vuP7Isb84fm2lWQZ8gs8arYT9WIAM6ij2R8AHMoAIlEmAQ,Minimax#4812,Iron,EUW1
YpZ0nPkJTmozkS7CrUEbQw5QIEvxdb98eVAHS3uqXYi2YAjXlYJDduVfs93U-wjhqs_JJ7vZaGgAIQ,oDonell984389943#Mr838,Iron,EUW1
hZ0OpXzQy25zAb6r7CTxVgh9HKevnVkkdiAtaaOJH9ZUNZHGTOXyKbTKwYBKH7WSRyvnaQGRRf4YNQ,Hellya1305#elya,Iron,EUW1
TwWLpbAs05XsWqaO6UNFObhVuVK7o9rkK8uXrNeUF3y8EGKIhsp8iXQzs6yHaPx1J-IUogXQ87CP9A,nesquik309#nsqkk,Iron,EUW1
UjVWSTsfgBx1r2WAVcVLfcl8_-e2GXAbWmrCe8C5L8osTxrt2msZPg8xuYKHl7J5IbH5gePvCcWA4Q,OldManWithAStick#2258,Iron,EUW1
4yOL9CE-71ndgmPD1tnJ7suGDJrzAreG5tH7U4Ti6tZx_T8SLoVmnhra-PS1B9s1yHO5abLpvS4n4w,Auralys#5346,Iron,EUW1
0Kvok8jDaedDelYjBirWt8TnIs4d-yfdSzQC29MgRh13PM9Agdg4wmU189RJlWskIoQv875O0w58GQ,Miloud#9999,Iron,EUW1
6IluPHMwcavwy1hlX-gtF0W4tpj6AP_m_h3JkyH3X54o7s9veYqDpgeR0-ZaZsu6kyoHYBIHvG_2Yw,LaYA34#53454,Iron,EUW1
dmeTFoRR6cZse9Ou7FFMD3dgqY6gvB4X7URQDeDUFfMibM1lqDDwwTHVbtjwW0L1sRWJNb0JnIZMYQ,B0udadiibo0st#8865,Iron,EUW1
yMQBwc-BT8-ScCJ8XLufNfrMN5NlOSXa_SrlnZVTWICFF1AH1ymHNEpeY9sYGPSGyL8o4gaZYbbDAA,Zass#2for1,Iron,EUW1
eIA-m0s17qPOl5fOHZe5AKFpDPCoBaV0ztuKGcRdfLrZv3V5uAq5uDglC_E4FOh5jdJBQBXXMt3sPQ,Noliraf#4585,Iron,EUW1
4P2yXHAfyah8gkF21FR0cj0OeEx6m8vih37wILLlXKyyIm_X8qqIQMh62EKOEMR8jmyg4aYNeQ8DYg,Blanksorashiro#6721,Iron,EUW1
F7FZojGojLJvyZpxoy16q7HJOrGgFgTa5-KhxX5yCEg9Gxl1v5W2U41877IPAVPtpLMak6hq_9Ul4g,polteergeist#0013,Iron,EUW1
ip1pJgLNuyi2VTso5rqC_T30HXk0Ohs8R5QS1Ywb5kFDUy2BF8QeGCbrDNpEqwnmLAZg_w-xX0uY9w,NiKo#FCG6,Iron,EUW1
mPLdHdI3Sf37hMJYNdENOQ91zYqqK7Y9ypAwHdNJP6Wn7q9C1VaOKk9F5TxXBvisqRuOhBHfd0PFtw,Supermonkey14#1414,Iron,EUW1
85nPeuVp8Xdet7hxTPjTS962iMpvYnfBhRKCY7IPIaPO35WBDpmoJ-BS1AJEMZApjV-RrLgFG4fT-w,MonsterItachi#1744,Iron,EUW1
KmQ0PDZNyJ_hDOLQ5GVhKGYZhTdNvuv7CNM95bXfiZYpQbTTXYiAxpdlN0azIL8NLkZU-8i_SSsBvg,BuenasMananas#3000,Iron,EUW1
KokYXAk-wQbSAryhhyIBVVIJU0XJNLqFEbd--jAxWFRGd5KYotmpyTpPAAosLW-n3NKdFlX_Q7YTCw,hipertensiune#2929,Iron,EUW1
vmuhu2zTVct_b83IMPxbe9rj6JVQZyGvsYC-pel8HJzIn_y_BPtXwaC6HaZgQG4gmRARp8UoaLMnWA,alhexs#SFC,Iron,EUW1
EZwQWxtxmNHXf6jv4lwoyeLXPZNjLfgeP4GhSo6jGy8_aDHnKtkK1LLgjfOjOdEfg2y-sjQzbkhtKA,Pyke69#8697,Iron,EUW1
XQmXcm5aBoyKnv8qw4vd0Qd_U8-ZGwBWNuTat_GswI-9jjIDAJO8-oQ70M9_Cjtcit1ABykAFO79lg,BACAKKOPARTAN54#BELA,Iron,EUW1
oODdyWdBdGMgz5YXtWOzMeabBDnhV3ufCrRK4EHVK9gJZX4x7g3JsofUhKKMfrNnvv2NwbxuhL6Llw,Suceurdepierre#1509,Iron,EUW1
rcml2u-C14IwRxZU8OJj2EcuEm3rKmMSJzEQASOwO820H25Vc4a9vMFvYhCuED-YkGE50on7ccVnEg,WhiteSentinel123#3435,Iron,EUW1
6AuoqyTsU2qy2zHhb-SKIIE36jF20DEcTqPzGdqpBwueFcsGshAOWUlRz6heanApFiE_2hhHT9LCgQ,DarkKiwi#moc,Iron,EUW1
ncCdUF0_f2o2bR1lO0Wnp_x1azL5b6MJTmDVhypuOZ9E6-mRnZoTBdiED5osSL5mkqIL5OyS2-7vQw,OhPEYZO#2289,Iron,EUW1
dmWF92Gvb7u3XKJfU1I8f_vDsWx2EUuCdwWQgDCojbhyP8AasazTLGlxX1Ex4wy0_K4B-N9C2x6FTA,iotrix#one,Iron,EUW1
oPnhAGtvcY7OEmq_oe9HjYIRG4gtl6eLm6wIw_7UtK5tf_IWNcmvvLRBC0ICSZ4OZUxpbYppg15GtQ,Cariiih#122,Iron,EUW1
2wk9TP_ynCaPdtFA4jlZnRhLLJDAajws84QH-RDKmuecZGTvKqH8jxeZEmm9pZmjLAn6OaxoS3zVJw,M8LEGAUTH#5422,Iron,EUW1
8TeQo_qJLj2LV-LmCt_Jrb-EdxPGQ7CmL6r5RdlWeBwG1d7sfcKhcU9G4oUS6VQWXHCTSLA84ibNGw,フレンドください#shiky,Iron,EUW1
rzvpUW9ok8DIVlipopbdwsMVmZyVKPDoEf4BsZG69VceEsGCdRH8coHOepKxqTAdz4_mmiT9Wy9-Cg,frogenstring#0726,Iron,EUW1
WZzgkQnhbXWVYU0ML_mYa-oZMqAJvMPr__nRqFTUoaCehNMphmI2nXJSC8xQU6SbMAkJKC3MyIxrdA,honoratus unum#SorG,Iron,EUW1
QFIedjbj1m6dcuZ1U8Gt9pLXoDGu4y9p9TQBqIyXS24-TeuR9-DiSb7OcISKlLwadgE6eQvRc_sEcg,Épicé#ABEY,Iron,EUW1
Kg_Zh76gc4yPUnochZinHVUp9pbhRvL8gYd4CdzddU2AE4LC0zIvarDXyulSLGS4-mHG2c97I2HgRA,iqu500#EUW,Iron,EUW1
37eiDzLdNc-oTVD45T4KKGhod4Ok6PsQTFgrxCg-FVoJrT0soYyezG0pDz78QVh1DhzFqtMIwpqMvQ,Sil#0023,Iron,EUW1
6VVX1q8Jos-FHcNY3qu2TsN94kaYCA4Jw0FxoekSRPUtl9Q2-uDYmK7NaJ5ocidHXXwXudVrWjtf1w,Xeyanh#ducks,Iron,EUW1
d4NUMPqd1Zu2x8vQKSNbAO_cPoB4WuyqhmG1k-axINGf0aFEfjUQbRY02nZSpeRR5svvFtu7haljDA,EL QaZi#Goat,Iron,EUW1
pG_IEwrfXuRL1mdGFABNegbYJ3BHJvxfQBazXk4HyRZ_cEIdZ2EJ6EO49moBHev-6VE9xbtNm808aw,UniiC8#EUW,Iron,EUW1
2XnhOhJIgrHDrvuL0E9inKIrwsO72uFE2MZ45Inu3sT69WstwuWVdiGrSwydww1hm2e_jDbvchZPGg,IguanaCoquera#5012,Iron,EUW1
8pafZAuMWqnfsUxsIuWImmGlRCzm2edHruTWMxyObB8X_gLVJ9eopggTFnGDLK66A5aefuhiZBBDiA,0sxidg#Gato,Iron,EUW1
dS9zHY3DXe0InPG4QWTyrQ-VXF-ZqIlkg7Du6UoYbC6YDem8vEvZ_JC0H56U2LQ0XLkf8wR0PnYoUg,JoseSYDA#EUW,Iron,EUW1
yweOsqwIxewKOHLQH14qgpwrHWmDGJFF3ziyweMLqMh7emp41GL3XTB3W5kO_3rIIaVJgCoNNYs_qg,DoWnDuCloWn439#EUW,Iron,EUW1
kTtJLe4RLaobox6fxOnHqY-SB0roMN1aRhpH_IEmAPZVtjpKxlwTuME3F1L3x-BGilVD58ZEW6P3ng,savinho1004#EUW,Iron,EUW1
Jz4UuTwc4UjLqwk47IASVKyUuKQJjeRM4_Q1G_6TA_m7HnrnChHR9kPMb-8FdzoUq8vnIyeKlxisUQ,eslamgamal99#EUW,Iron,EUW1
1MD8qk3B6Tk5f3lcpu2Csf5j7TK_VQ-CgCdIvT6iYmGgDZety4s29WwhyBgBpcHGB1QI1y-0TYLNXA,yamato wb#DBZ,Iron,EUW1
HrAQBpjpLKQvkO2Tgvbs5JKk9RsHXcjw1JJr2y1H9UQFS85scI2ucESByHdzKoq9gs_3DXZmnitoLg,Georges Russell#GBR,Iron,EUW1
USUjChrqy1R7rriky62a6dPDkhzDiLJOT4N1A46HxPlukiB3p8rWiCObj7GSPIMOihY2gkSqM4deUA,GoticoCulon#BTTM,Iron,EUW1
LdWSW2-VJ52XbebVxJ8GFlkCuURg4gqzNDavTbePsI38eG3lEq0XSeDh4_r948AkXvMxW_Dv1FvRqg,Thomasdem#9505,Iron,EUW1
aXigNDqzG2waO0eRenQahP7lUPC_WUdWs-tDmVPOCpKTlMrMpjLFl3fuqtzVyoS_OOz6Zc-o2n7S8w,Marinpro19#EUW,Iron,EUW1
XeQ5h62iYJXHxhPQvPDYRy3NZE89ZgggBXTT-3ql-cQfrTJHXSlNhaJ_K3gEC3MHd6-saBGtDYvgcg,Craque#XVIDS,Iron,EUW1
leci1wq09NQwUpMaRyQwvZ9G6kQV2JdV7QNoZKbnUjBVSKnaw_LHVMzbwdutW9TOLO_Gj9O_TfXoog,tifricuiu#EUW,Iron,EUW1
6VIt9jtXute-SZGa9AoM15pQbvi_BzJHFBguUCYuP0PDaU7hSrOUHgTouvkTma0srbhGoKUkoDdg1g,livitrixie#6516,Iron,EUW1
uOQbD73xwYDFoeH-OF3QG2HSM95hLKWdsPYRTvFFr0rxK-1o7IG9ZyEUb8BCpWTMxa0yTMb_4BYzwg,Tkt Neo#EUW,Iron,EUW1
ejZgUO2Fq5zK4poKZH50aKNX_1jue5zkJHer1EydPS2_OfTu6X9TzVN0CLzdfmR6UGUXQBBouqPWpw,BadrSaga#0517,Iron,EUW1
1XgvVNApeGdk7yWSyvikWJqO34I5Q_3OqEz1ty5-KXD2yS6kHPe4xBTpNBZdmLdVnv6WMjp6fuJlnw,narukenx#EUW,Iron,EUW1
RhkB-r33hLIPhQHJGq_nQgPKmeGlzk_-D80K0OwYu2zpPeVeChlHzQC8a7gnwp5lQq8ZlyzSa_NpMw,NoobWithBoob#uwu,Iron,EUW1
fi854Mb3_X88GaVcAN3_8myP9k9zrmLyQbc96Y-U1IfHleihoVVxAq1ZO7s3e3Zs6T1GF_UMPZNMdg,Toxasmico#EUW,Iron,EUW1
7dxlHrA-rRilvkOWLSL8YoXPOcSlwAnTUjo1q6vn74-AciPWcCg9Ca2Cr_m2RQh4YOyR-yZc64t0bg,Nas#89012,Iron,EUW1
p_yt3oUAmhjBrCSwo4jWRVtMKaIJEhiwHxRTvauWXADM8OHtQvwYdkkhig6mt3yGxOM59sPIOIdAeg,Dalamannen#EUW,Iron,EUW1
M_uNxo-EL0w3PU3AxvcaxNRs_appVpGj45i6_Zqn8WEhC-7PMb_PvvVYbF6gbtIXV9DiJt-ygQB9Wg,oukhty93#4345,Iron,EUW1
mN9U3hSbm9PHNAkXSN9CgmFgBT4CxvPqfsCuEnB-3itaZXwV8BQOJbWxlqsHQ2wcAUk9AgeQYVh2zA,laprenticouillle#EUW,Iron,EUW1
M05PdKLp3wzFz12xHjZ5Zxb_o0RKtV0Zb3xvN1BTZkp4p-jlQjloOFKVFuzPZ-Avovd3wufSS1F9TA,Der König#3016,Iron,EUW1
h0SrwQOsvReyIfw1k8MNwJUyT8lDnB6Vr4BWAvBqj_990r70hhbTAxPy897TsQlhsnfHsZ7kXdgwEQ,Maréchal Pitou#1664,Iron,EUW1
KSNvpruaxlomYOfA__fz4tGZydva6vfvcAw0pNkjUQXJjOeOGxMj4-pqx0a7YQTQ3pTU4afqfajkGg,Mickey1er#EUW,Iron,EUW1
Cy_sm6Kx3tK3Xm1ywObCeyG44jsyozpiSzKIpHojkJXaHHqpm5q5iy-iw76MZzhD9ovwnZHSkEoYJw,MindKrystal#EUW,Iron,EUW1
nmiphBNw21Ws1weC9yD7PUbiF8e1xUdLUnh0gsPlb5F4Sw-226ke9z1BarVRRPM9kxPapi_XWY3xhQ,捕娃玖崇 女瑠崇田剝園#speed,Iron,EUW1
-fouphe96RMdn_zQWlO283KGcq7o3xOoiOz38f9qg8pm5-ByigqMyPUJB6_7K0ZS_RvNpDN4vBhkYg,GreezyB#EUW,Iron,EUW1
Nk2xkpN6QNy4QXBm-Sd6FmEvWBCe5ohaQLqOHOA26aqOGPw21GK3xhrwdPYXUSW6Z6_Ht81eLsMaEw,XΛPHYRIΛ#EUW,Iron,EUW1
RS1j8wuHnoFMuqN7IeXkQAXbXhrkhc_eiLSdEGw2isoAyUf45cI295w9oJQlZvrKICupV5qW2m99ww,Farper#6204,Iron,EUW1
BTyUfvXBdt1Zyk7Elu4NSn0b6Gd0Lub6TOnFg-nCYb69H6mdBDZCV3zoC9pAXRGBUj4q6zs9DDAvTQ,chichimoya#4269,Iron,EUW1
cbEo0cjAoFTpJeA61UWlTeexIpB9z2pbzlyTIqihT_CNsXyLeSs4BNvy0p-LaQvaZdAhscfULYhbJQ,HerrSchnurrer#1410,Iron,EUW1
dhEvcI2XGQwCUtxYTM9dMJ_6tjdsv1odTOc3iQTVAb0W0FeUJ3ZdD7BeaknT4jTvEXIRGPCRT9-Fxg,harrachich#EUW,Iron,EUW1
yN1gq4Zm--RqEVCWfXLPtu6nrLmSihvY3PxmQskf3zKva-mhnSskbC58ha9XIjPbrXx1RKc25VsUfQ,Salisiko#EUW,Iron,EUW1
jR7tTudZtayNdQevcEsGhnmBKFMszc1HrE01_PT8LqebdQxarqmFVTqlH-SLme4EK1ae56dTjxKq9A,Askqtte#01234,Iron,EUW1
oxYRv8u62-2Ne9X_1YBJPZmaiTff6EdLybARI5Dm8NEhAkYZ9NKLdVbMPDh3xHOUkzidpioYxqwFiA,Kalex#1507,Iron,EUW1
BFrE3_ByRZSsIia2djPYhpuBoyQeIKgYyyYh8PJ9W1O4gjoVAqQuqfIxB5hryxU-p-Ov0BsXsU2cVg,AmbraP#Ambra,Iron,EUW1
amrMfRt4woal8gEgJIDAsYSV7TVbqCxthjdRsakWkPSl2fw41Jz19GDQCX6LPzVF3GcfXeyrBjh3Zg,dasnicku#EUW,Iron,EUW1
M0KbHCAFD6EbrJNRKpQBXtRufjC5KmqTsrXRow9MUYGdjaS-F6kwGTZ2FEZMJerqAh2FauQpkl7URA,Bradopito#1111,Iron,EUW1
3AhKVfuNJNsOQJZmmOlek1RcmBVGXk_aK_4eK0xblxxMXqrnuj82AGtadNlGiAfKlt98qUiFV89ARA,YarakObama35#1556,Iron,EUW1
IxgRYg3aQqOzDMqp_KmvOju_ds_fAeNGrAJskvle_KqENYDLnK5c8Zca9Cker4pC52PM7OcXFKqNUg,SiX6 Z3R0#six,Iron,EUW1
QNEvG8XFV84e6qPhxNt9m1Gb5xL4Clv9xvxkuIDorj9YIHuRU97IgTJwsiBYJDsUvNX7o5DDUyawyw,traksiiii#EUW,Iron,EUW1
klrYBqFfq5WeEx60CvH9TmBKpP3-re2MaJZGwP2bjI877Re6ySPuSjBmiDY0gvFOt-R2X_Prz_emCw,Akira Toriyama#midou,Iron,EUW1
DM3EMpQExNsxSwQ19TjL6Ko-8MWDCjA55MltBNyU5sillpe8QHXLWcCbW2lRSOO2OYfkfqp6hhp9dw,edi13#EUW,Iron,EUW1
7Hsl-If56qBxvSe43ej7vJY2dTwZ9_Clllu9gijLsJbG8wJ-dxnSrbJOj1HolVKCXenZd4v3R9fSeg,eta04#1988,Iron,EUW1
DwwtmX1u-8xBsl4twCvpUni_YZqqyqAIuvJuBhd0UU8hYc5K3aHKT70Zdr2WXi1C8l2BE-yO-PV5fg,marcydelpro#EUW,Iron,EUW1
sf5TK9DpwZy42YgIkOcRDbSByRY8r3yIxpgG4ww3-yAujZNbL7jWyeX9gq3Z9WQcCajtGe8IV5nUuw,Ojohnjey#4267,Iron,EUW1
xlQXix4lsw2dMza3wfo4h5mSfUhEI0xJszLQZG9McwJB6FOJDbTqR97NqolO55DnYSsy4qOLSNgf7w,Gooober69#EUW,Iron,EUW1
PXn4f921gQcpS_TRhwOHrix16f9Bk4ilWb6toF0JjczmFwS_LBTzLV5DbOvshHzY60nA2-_3naA5ew,Destiny   운명#12Aug,Iron,EUW1
DIJ0SO74NHAnBk3R-bLz09Wkq0-4XUkhTJ0o1BE59Oj0carvhwGOPVDyJlZgMgr0RaCaEP_41eb5lQ,BlackBooooooty#EUW,Iron,EUW1
DkKzzXnphr1Y1E2WU78U8ykJ1txMviBWu6E4rUNu1nWO9va3Px1_7JBdqjHqqE7pvgfshPlz0d0f4g,JagÖgar #EUW,Iron,EUW1
jCD9nuJYSNq5iuMmOBBrvdOH9foe3SetyBG9bDU56gDxtV-YTk7D0_3HsGA7-7ZPjyhQCkt9XC3x3w,Ermorenus18#JACK,Iron,EUW1
2fc1i_bSvbb6UhL5tm_00zLfuKW3TclS8UdmRYlyxShqbLcO1vw3hrocUqa8xu-K2InFuegMqpFcdA,Danisaco#4949,Iron,EUW1
uwnSPMdrHSLDfDH8ZUVcQ6y17bhb3kPnBwPZYgh2tyr4lL-MYNEau_0UTp8C6x5cH516v6XCJZETGw,budimiiiiir#EUW,Iron,EUW1
C6bBesnIY0CB63KEujgMRqibtXTkAdcn_VgHMG-JAScWgOGDHI8M5n4Um5oYSgd_Tn7XQxgg3mnLLg,JustBAD SneeZzL#BAD,Iron,EUW1
8qYvNMqtjzpQWWixdPBhJB_hri0UbWXId5tXySYMQwTQ8EQ5BKG4J7RR3NsCR1BDi-VTCKb-JrLJOg,nuno99fr#EUW,Iron,EUW1
I8cT-H3QdLOPlgoPmKqI9fhDdjFJKzsi4Wdta7JTzER6oCfDeMWc-TDd4rmu38dSXATGXRVQrrMuNQ,oskivarela#1899,Iron,EUW1
KqeyO13rLJWspkED2FgFamb3PbND_ie8MA2XhaknVtgTv5p48K93jZVDTGKkNCQuhi9SpK2ybiReGA,セントマイケル095#EUp,Iron,EUW1
Tt-tfT2PBUkLubsbh2OTWLW3C_DBKmly0P4VRz6SrAwkCSygK9sNl7jE4Q9mmvVdQFe7Z0eBeSWY9g,Zucchetta#EUW,Iron,EUW1
fIlRsGMB3y-889UqWcJYE86YkWOvTaJNisMA5KgyxgshLncSGqDYf1c7HyGgJsjF5tfEEbh46q-h5g,Lentejas#Jesse,Iron,EUW1
QVTp0Li1_9uY5RSQ9T9T_Z3WMknRiVzJbGaPjaPCczZ0feS7WqQU-4_HvqH_9p6tgEoip6w6qTnNaw,Ferbuckson#EUW,Iron,EUW1
43wqN9KEA-3_02M-1v3GwKgGNNh4DHYSgN7uXc0P02iXIxADx7LQMPtR75bb1ip078U141zd8rTMiw,FairyCrossFire#3383,Iron,EUW1
8IcdwHYkKMecBQTPrO46jo1ty1yhOOwU0MTMcy-fXKHqRAQhWChV-yiWBmzu9cGRjpOtBgDm4nDrFA,PomaresYT#AFK,Iron,EUW1
D8w7maXaaiV1f7ztp7mtlkUS8xvoyibRfKVJfhFSG8Ys0Sy4Bq5mFVbb4N6ZE8pfNDZ3fyaDM_F_6A,P3R50NNE#EUW,Iron,EUW1
tA36xScavU4H1iCLpONa7S3WSFM493WTNErY4s-vM5PTV-KmSYnvqALDVWJhRTcAGCtRXwlbcaua-Q,YumeNikki666#Koko,Iron,EUW1
uU0kezBJXJ_S1b94dogz1vuCDVLsk2LhIInass7daQsjQriNRCtX3htkylFscgXLhKa0LycT96qJIA,Berliniheb#28882,Iron,EUW1
GhuDWpyD81HrV2brxnJ-LaydNq12vheDzQusiomynOCKl0v2VK1aifvZiyxJcfa7OfgNMFP2ULFaSg,berevaleska#006,Iron,EUW1
wuajFdkn4WCpSng7LFfdGg_nCIbnz6mBroPHrr2zeF9gMW53xfUPy0i4jYZhR6UxIN_xR7uCYIEjWw,granizia12345678#EUW,Iron,EUW1
yM2yIq8eJt7RFhflviNaJdXXYNEeS77B8po2dbBF6O99sLXwrDTkOEQshvq3DVDmqV92QRDduo2gcw,MOHICAN066#EUW,Iron,EUW1
CgNABnqUfXW5ZylsMORB23bLfzJPjhTgG7e-t8pjGDTSnbVzG5zBc8AapEHqFv4Tsdrr0phrb3iuUQ,TolliePicsViData#fer,Iron,EUW1
BBc0f8rfLG1p3yHOuIwdHHNgMGp7nb6U3fBhxgf0qsvOamXWRyo7mWB9JJRJ8--tbUJBnQDxDa7lLw,Trezaloi01#EUW,Iron,EUW1
thwn9wn7qGzHJbfjMZv8qa9EcMuKpaSDSIsiGd_C4RR-m3RzD2sXuvL--VFyBKLp3_aQl8z53muy7g,PiZzAeSel#EUW,Iron,EUW1
3upFReLt_2fiO0Ju9laleWjsrHA05hHdX4gD7YJ7Ytv4jd9lfapOD61-_POJeKOAo4zJm1SoZRPdGQ,Xayahbird420#EUW,Iron,EUW1
XnC1V2i88b7O21CfoSM3fCzY9S9_ylddg63pLpK382TpxkmGEE-UShCYuziA4CoNZmJrZq_RTzFV1g,Navonod19#9708,Iron,EUW1
NpzTLSSTEsonAVf-13mtfdMmuEMtLBximtruUQfokosECyvmglmhZX3dsEPZE8PQcCfkZxWadMq2lA,KellysHeroes#EUW,Iron,EUW1
ZlpzQn6Y7Mq9wgriqAJdx3kzxi651ieZjB45LyAdldCYpi-OrgOfQc04OlmoM5NSHhQ8o6wzaSYejQ,Ben 0ne#EUW,Iron,EUW1
ZuQ_jZ90jiq9ID2s-I_6KpsB9L8poHWOq7mhNBysCD60HLChYhoBdUuwV64XwOYIMHoG3dTYSQI4VA,Allrush#UWU,Iron,EUW1
WsyUuZePlesJyLzCNm7ufIR5IRn5WEYctvFTXRU4sP9SyoDcNZHXqxcc79OAIPzF6hAeU2zI4wX5Vw,KiwiOFSpirit#EUW,Iron,EUW1
hgyBdNCsV8cvdGWmb04VoJqXOMUYaMBW_jEdC3cqRbIFkxGC4mR6Yh7uxMUuDnAHpBTEarP_mAsJWQ,Kenma Kozume#1907,Iron,EUW1
w6Gz_yR_yqzxxepyT7r4On2OUh6EoT5xgdYnoRbXyFUxKsa4r1LyGOh4SuLNeNQD4g0luGxtx48urA,Dankerena#PeBSq,Iron,EUW1
8PKenGiuGF8NOP6OCoIEqHAtpOSCmnsMeDBRC-9UbbsVi4TsHMpwT1dteZF3DwNjIbS5A2o99sizFg,SirFiStIc#YtHUb,Iron,EUW1
0AYtFzZIUth9ay9OfRwNJv7BUKRZry1zMPjeAUFmh4IcyfG3R8eqFgPgZ8TjH1f5rkG0o49Jf1Rbgg,Golmur#EUW,Iron,EUW1
5tmau3zukv9GvJDHPEeRWwTHOk7WJR2RrqUAIcnAgOhEeufhd1VNE7gbO0MyYrqAa-xaOeJlJ1SEqQ,DarkXAndy#EUW,Iron,EUW1
f6q8XrzlUTDOZW8a_SLqI-uQIf5M4nb6u7_sDja6N4_fJ9dLCXOJba42faSbQOaD-lwLUsdZuLcUNQ,Nocurse#EUW,Iron,EUW1
84sFEBXqRcqSetF298Cp6KyVLpbmKfLY73FfVwgtRJFM6SDV9M9l45MR7ceNZUNT6EkaC307ZFh5ZA,slide83000#EUW,Iron,EUW1
Ty_beoHF4KtysnsjoW8_1iXFgnGynKR22Et1TZpW2R9TPFCjCpO246SEI_ZFBPVfopagkv04Rjr0Lw,Codon#EUW,Iron,EUW1
D-Yf766Bcl36bGlKKgroW-5S10B5beKuTKzlf1NxOyL62B-jO5axanSF0kimvTAPU6MFNHbrQnn8fA,Wolfen767#EUW,Iron,EUW1
N8BZx_ePfqTIXSDnnQiYKlmRDm46ZF8JFQsE3jZdTGqjx6UOpO5UkIbyaMHujCgkXrOL6tYk88SygA,Aylayani#1111,Iron,EUW1
nm8cIyfNU5tRsMmj0nIaHoaXEuYTUhrl_p0oNHFkcgLB1Cg_HzSs5L2pMFPiusFmXVE-kiTmtL2sog,LemonsAreSigma#42069,Iron,EUW1
F6KxSd9I_GZL1nQhBvb6pYEoJPz0FYZVq8L7Z1wb-Onz4aWz-HLJI15V4YxMha6uvUQVfTzjC1Ul-g,ZKR#1555,Iron,EUW1
mUQmA7yvHkBWIK8bOnk92OkcAgZrD2t7GGEa0BSlBu-w1WTTRiGnKjE5ExkH0Kg8w6pBuee-kxnJgQ,AlbiDickieeez#379,Iron,EUW1
9EhC8odPLuKKlWD4pADrkc5oQIIjHVXVrkmQPxkbUgrVOz8I6qAzSzeM-BKxTQHlwcQ5ex4IqbM9FQ,LaSavane78#78190,Iron,EUW1
Mw76g311o3Q9Rau4O-cn8CiB2lfGR8Rq6AlABGLIqMQT0wZD-zRJE99oGuMOQfFWg82ahobtAdGzQw,MentorZanuka#Zizbo,Iron,EUW1
3GNhtFR5X4XNpBy0zLcl9op_EoUXkAb3mHVBhdOq60S3lFnqMg1nVnj1jTS_4Eeyays9UczUVoXTnw,Jeakeros#11111,Iron,EUW1
eo1VNazryIkbu4pMyJhl4FyxcdvDlPT6id37MduILsK3oAj7ZcSrMaSxa6IvIjYPVISKkzNpe9eDVg,wupax#11000,Iron,EUW1
Q6x2OpRRJsJdvMCqT0InPwckh8T8wzSuvL8g0_C9H0uYcPDLPdogL2ZnMj7-7vuEwggXgWJHjHF4MQ,Mattoux#1706,Iron,EUW1
dudW3U5M-1E3youv8nyLPewehuQowPFfM6D8JFNNacOTqlJEGhstzfQ7APhT57Ew08CC1ArUyHTe2Q,PainLp1#2004,Iron,EUW1
IRNJO3PCeuNAVc99xLBoVCIiSSQL7AGH86adS7HBUE5z_mRNta768OYGTwZuxax_WdpBqJaCc3WVlA,melonmuncher9431#2663,Iron,EUW1
al-M4zMHT_0hdZuJNlEOAgYwFszNViuQEWAlC5kRfUnnSZoef4JLmXTc2z6cZgaVJd8GhAlgzt6rKg,KonigKartoffel#0808,Iron,EUW1
zm6B8wymXtLx01cRZuHgtZN4mWLbznwHVhi7N-EF7MzWP69y4DqMZVumlfCRNVVgQPngOJ9M-G6m5w,norbic#1085,Iron,EUW1
SD3k8jMSlA4xftB2V7jrTFo34PVirATN_xzIXfjCRM6XgS-K0qU7fIoB9EJEXWs-liwgq_W149HedQ,schoko#2189,Iron,EUW1
hQOnqj2YOjrmG7HoDdY4AQJrGfHkbrnKRVih8717jLhbtJMDz1u0j6vZRS6mfwnWfNtv3J-tWbm0Dg,Xeinus#9191,Iron,EUW1
D6jB9rRTNdK7vFcyUGBJgiik2QqPEFKKjE5Z47un0GqNdLmpAwCp0b_uvCgVrzm_0vvXRHLfJd2Xew,Alyquam#2104,Iron,EUW1
Bb_AzoYss1iCWEkDXsKL7rCqyhoc7IhrfooiZr8i8TdmypRsoRYTzq1TiWd3y8aa1O8d0tmmi2s_HA,BlkstarX10#3021,Iron,EUW1
qZeQsHc7XpDwdi49chNxFRRni78Wq92l1VGwUbqvzuIojlJoYOyOEfusuGsrQ7BslNa5WTyBHXeRog,PranoxDox#0815,Iron,EUW1
XRjkex67917gO1TvONwYptvV-2T9wcZdAV0JBqMfbFtYQOd64xYkBvjFxfi0nerpd5w3kb4O60PQXQ,iwilltakeurheart#4753,Iron,EUW1
vkTpiqUW8f6S2jji_Bvh-4CYENIeamAGc82wPZOHa_63eLoHoBEzXy-SyCLqXi3I_wQsJL2Z0nYoAA,A1lcor#4932,Iron,EUW1
JSjd_hjD6r5jG5QwW2jEOGwDP16mPKOLT172-_WVwM1x7YpOsCNbYmc8aJqJXSR8sFv05OQHV8k4Zw,bambiix71#AEDW,Iron,EUW1
F_Fa0bBjCtZSJQqvT2nO2fzYngSOvN8VrN7gUSU7jJBUS_F6BZYfoMOdWWLC4s4oMX5xZ0X44zIoow,Nabuchondinosaur#EUW,Iron,EUW1
l1rLhsZMYvcEBWL1jdepqLzndFchEsfmAJoU1bxoYAkghgS31WawKzTQnl-GN481vBBZRB-8dS9eTw,MadiMerkwürdig#EUW,Iron,EUW1
gONnlX8aRHP_CkA9QLd8gQK8KheyYr7e-rVOMFEwoNVsGzfnof_4NI5z6hXxhCPVltaTyiq9ygOUYw,LOL architect   #EUW,Iron,EUW1
TAHAYCch95NGELSv5CJXo8wM_3AYDGXOfyi4Dj1Lq1HfKxmugX37AmJ2aYZJGqNGqefe3pnXg-KxnQ,Phenoxx#bébou,Iron,EUW1
VzotONNJQU-EoeL6HaXVuQQlLx-vWc_tY4vsMsdfJy9WXbywh8LJgRldkQydQqlF9PbGSFon-nrtfA,sawchaw#9592,Iron,EUW1
nmTeWUPY2r4i0RkLhQAk5tp_ecHrMHOgzVhXWnkkyatv9nm02UHqcYXv-avBp-r4unA-pnwQhFnE8g,DEsaidXmehdyMUTH#coco,Iron,EUW1
1dARIPHYS43pVAKrmBrwS3a5vKQq7lcrY7vvUXy68mz_vQvrWtfOqeYLcLN2FLsLI36OEqufrIykLA,Ataraxia#1922,Iron,EUW1
7Pa_Gs2B2s6u5XeR2SuzLALTIF5DwcLRkmx2jZtU37hI_lZmpK09909bs1mwrdUwOgC2uA-A1LHIjw,Quellyl#EUW,Iron,EUW1
QKA-FILq5FRkOvFu7Ej9i604ahUSZ74wXFgLRXdCCFaV48Ns0AWZIzJIHZIlJodBmvzIS7-UL4g2yw,Spearo#6749,Iron,EUW1
j8-CA-yePQocYXshC3bEXh8ZcMqtl90b4cD0FV4oXFLclbrcTAgVEIw7DWKHuFkM0Tpm7B8ayjbsZw,4K1Z0N#EUW,Iron,EUW1
DiPA82Zhv8dyAxe5dHdyFErgoGJFa9xubjWqNjFqKaYed99nHJWDmADNIzlf6wWm6Jd08qH4HNy4Jg,TheOldNiM#EUW,Iron,EUW1
CJBTw9WWasIBDozE93olDbboPqoLMBKmTTjEx9kcmRPijRF7CkwFf3gm7aR4cqBg7ubhPV-avKv4TQ,Cavatelli00#2687,Iron,EUW1
GVY_ykItbmmFZ0l3kker-bOza5o524TsWZXGPMBvyZslEw_Xa9Ed-9RQI8bKpSJLtSh7OZ9Pf1HMjw,momowade4real#EUW,Iron,EUW1
zStoVI5kUNlF0QNRjO3CdOoOoQSzmBsJSYxzGxnfGkJIGZd8iqvwVvpHoBouQJdhPLhekxNtcL-e3g,Subsky2001#EUW,Iron,EUW1
_lR2D1PCsQAUXlWyJ9pj9CBTaX_buURpWCzp_aif2yIJPXZtDyaYZqkRCRZ02Ya4FqXHqjtY5a07tQ,baki7777777#EUW,Iron,EUW1
BnDkokePR29zznF_LMfEfbu4NVG774H3Ua0xAu6xfaFjPWUWa62ZB2YempP8mhOHYIGi_IPGEybC9A,FDZLOKO#EUW,Iron,EUW1
twqrICozhsCaXXIXSxwDdu_hxUhU0gqkE3aOXtXWtgZ2aFhSQ23NURDbMQznBiNAQzKcrn2CNcg1tQ,Føukøu666#EUW,Iron,EUW1
5iMiNo2PC3Ysn48TpeAIC2SQit_xkEvZ95y1NxVTwgXukfpiRM7x2_p85S_xG3NFeRWHRGwiKYIMQQ,PoussinSlayer #EUW,Iron,EUW1
1QPAtkFV2u5YUSgNE79CN7JAhDSfDgVL1LhY0Sd_P2wtPOBy7uxHge6SiVySkJQy-eUTipwZX9dXqQ,Champ021#EUW,Iron,EUW1
LJcft7OzwYSdp4qgmuJXf6hqhhwlt2GETBJ5j1Uk-xO_OaOFsnSiSeE0y0vl5cy6b5Nbh-bdJH5Ukw,Marinvin#EUW,Iron,EUW1
sossuMUJGxtQI1ec_RJvPZJEw-74jyBO6T1UTpnuNztQVXe4phFPWdUqknJ3p7rjLSSl7GbXKqXLyQ,sltan1#EUW,Iron,EUW1
Lbo8OqIXBskwHwwTkuvCW0TX2LLSO0z4pe2RiSmHD-44RppXXfsPgLcOlMMm_VJJL4tZd8B_Kxk88w,Plumette79#EUW,Iron,EUW1
YWYPNI5ysbc35eq-nDGnG20a01ZJ2SBgOj1s7Yya0a8uds6Y7yIyHQfZSMzw8_pzx3HIhnP69UUAvw,GROOT 238#EUW,Iron,EUW1
0zTaZptxRWaxZ8a8ppFj5nVE0l-kSRyrCQHWCrwu1orncMhoOaM9owP__hH2DERspl91uDwhfq-Txw,wingedwonder#EUW,Iron,EUW1
QUw0-ctPNi13pW-er4S-LZkJoo5LagTrUh-ig2EzSoRdmvscbloqzG3ZXuG5L7gLHsupOXJGK9JfUQ,DJ Modlivoj#EUW,Iron,EUW1
pGCEE62MD10mSWbnXhuFVqolGxT7e21_NU4HSeIXWNcQDvhdxvon5Q-X6AjuAmePWSgYkwdD9wDSiw,BOLONCHO#WwW,Iron,EUW1
6_Ych9q5slts_igVLZiOrqPqd5Em3F0hPq54mFwwl3qnBmQZl7FiS5sGj3_xBKbBj6LceYfO8GB9iA,Fatalfuria10#EUW,Iron,EUW1
8cB_j08JwiPZuxp2lzi5zURF91MefAJB6qlzdl4n8K8Flf-v6DjRyGrUgHEgzlCCh1GBJSkzWDT0BA,AlKashisama974#EUW,Iron,EUW1
yNQEc09pd1J4HNYZtJujjgV350YDqPuCCtdOuUGZt3hl2Q0dn3zy5Ce1szKrFG2P8u7oBgVh35x70g,BillonaireBoy#EUW,Iron,EUW1
e10Rd7aVwhdfDiiCsR9KO2BylF9Pod7GWyCOj5tko5KdTMPhvn9zKjgSg9G42LSoLj7MGgE10tooOw,reinva#EUW,Iron,EUW1
5G-UzAJuRPPeFo4FZHdqEwVWYgD2X6ezdKDM6SOYBf0v34alVQkg6INPEfuvDkFxwc1LcyTnhVMAkA,Whisky#Ghost,Iron,EUW1
P2b_M3nJ70-NuUY3MHQCboLPwhCJhqyBgPYzkOif2v38qZZz3744q9sGaqMqYeH8M3jwP0m_Pb_oDQ,S4ngAsx3#EUW,Iron,EUW1
SpBgjoxiDaGEH5ICDPDEsWYQxDt8tcBQCHDkFomIgP-HyzjMdxdSkBBNHr6v9k0phbNDqrSbxztEQQ,Brandosau#EUW,Iron,EUW1
D7TbpvBTmuTmIeiaF_38-hwk_nvba9iRVKMZS_rhwXilBRYIsDATzb3OUp0UF3fKNwDyLxgrVBVr-A,NikoMaki#EUW,Iron,EUW1
sirSdfEdL9e0ZlbW6j3uJyZ1MSNpm9gFB3Eb2ew6OLw4gDNOEmIn4zNK1pxScCwJ1g8YodqkAMk4BQ,immortelleblade#EUW,Iron,EUW1
zfPVKYueJWymLStTQKB9WSiGXAt2m8KBv2p0WIVvFd6tLvdtoh-4KlPNh33Ip14bRfuIvqQsMCNgXg,xTaznol#EUW,Iron,EUW1
XmH-w1wNDQiYaAimIZL7dtjKA51KQnvxQuGAJIlSvnpH31Pw8L7wxzKr2rsPtMDKiNwmtCdm6JOz4w,RedFox01#EUW,Iron,EUW1
vp7v6X_mIZX27hajWX1BXPdVaLLTNqTRZ97IN57kaGnj8uppB2mTYQQLJsgYPxYQXUg1H2zzyTeMeg,Mr MR#7777,Iron,EUW1
-vtdlMsPTGTjhW_KtBZO89QMurTDdWCNfgKUfzd14Qfo7QenRptRtHWG8H0pQLxT5TCFCMnUvt-kAw,Gilipichia#EUW,Iron,EUW1
aMVoNlye_RXBm4MhgIJd1zzvCNjF_-y38Y5Zoo4IedHLbgyR9lGgyVBeacYL51R0i3SzChuTRA1NTQ,elamako#EUW,Iron,EUW1
70IMQR1-hSumbafkUfgvrRtshjYmUUo94ZZ606j78shZlgFNZVGaPLIypRxObj3CEPabUQTaDCw3sQ,vulturuplesuv#georg,Iron,EUW1
n5nMWRN4ZqdUMA5TP7d1JJ00w3YSpfRjB-ZEhxKsgvNW0Ev78XjIOe42S2nKMH0ROoYS3jgtmiwYvQ,frantovic#EUW,Iron,EUW1
VSCUizhWrfnWKOMvGgNAK2qeUse20W3e6dNH70prIEP40iLu4Q9I-T8fGt0BKYTfPJSiFY5TGr3rxg,ice1989#EUW,Iron,EUW1
-lKt_RBJhtWK93obOJuruvcBymsXulBXKD-keSMs7dr9V3AF6v_oApjs5qr647aEWNteVcOVbe9m5g,WaDaFCK#EUW,Iron,EUW1
WuZ91EQEmaO_Mw3vQL5vhgRd5JvQlV9mW3xpjj5sr6oISb9Hsvch8IFRPnReRMPQw29qXfI-0OFGAA,JACQUEL1NO#NO1,Iron,EUW1
nSIVjO4SKkzM-zjkRbeAP9TVCBqSxQHtNRe_NHt6UXBueVe7ACv-PpuTJsjCK2AXpgqFGJLHQUBEBA,Aim In Heaven#1999,Iron,EUW1
wAcQSNfb3WF0UOGnSfDzgx1d3cxtK6VC_c0FV0xbtuanxhhhSd0UYdToPA90nh7bnV9GDVxpFOmcGA,MsDrunkenWombat#EUW,Iron,EUW1
0fQ2Q4HT1L_XAYXuqBGdPKhIPTe4iTz0U0tnoxjPepIh9d8JUKtU6NCc9dLw7Y-7aH6QqudXpSQfYg,JaviiC99#EUW,Iron,EUW1
66uRYxHya1i1mokO1YFIq6e8YG7JKzrG3srwooeWaytvFdFfIzcno6LdE4U8I0ZPPMOOhrMJZNBRkQ,Greggaddon#EUW,Iron,EUW1
X3Ba9oBwYq_9UnshEaWmQvymGqBmhqbMjHG4iVIMr1d5uDWi7uBtJ6z_TtHGTWiTZ3k7QWdkoXkhgA,guido92#EUW,Iron,EUW1
0PzX4ALN-9he9C45YVP0DWHdeivQIuJzsIKxTUNHl2NXEMkFAk4i23wMLABMGTWXupvAdcWKUHTndw,WandFalke#EUW,Iron,EUW1
XIXg2wPayByUAK7QGEISKr4Cau9ebomAtAioSfEZSA7-XW7KS8gyo2QxpE9TrddmtkZW7VVvRRL_nA,pabsdelpiero1#EUW,Iron,EUW1
LZ--zJfS8Cn_WP8rjJRDwBL_GkzBpGa9HWIRBuHiCYe6f3IVHVxPytiQrrBbJtE081diLcrTJZbEbA,khamed#EUW,Iron,EUW1
yWFcWOwgF1MrR4avZ764YQek6lZgXrbNrqVEsvWKw4TisvIqKd6HSAxstf3OsHE6uJL_Fy0KSDl0jw,Cookie Monster#mine,Iron,EUW1
LgDPgRAiG2DCCl6gFmawg9X__6xU0eZhqKMfN-Zf3fKYr22AJmLDrizhmwhdBB_H0u_QIqLeph0XUw,goosterbooster#EUW,Iron,EUW1
Wamtgp-KHqHJAgK0p7ibTgXz89O6krFIKFJYXl7dsncaW1jI3i-0cCo11MiORsLCWz8yFZICbbP3Lw,Entrails64#EUW,Iron,EUW1
BirOR1yhDc-RKoEhbliLv_KCH-b89iu4ewaUm-VS58Ary2RIjMnS43FvCfkqvrKajbBVupxbCTygfQ,Ubiesan#BADM,Iron,EUW1
U5hvQ2YM759YPwn-3LVr8QZ4zBRvgtQrOgfEI0SRhI4cMluCMye3LY20aiGZtw6rmVhuHNFvDPBtBg,K1LL50M30N3#EUW,Iron,EUW1
lmlqALK3r9DKh4Z5daTShVmzfxng2XENnjbH-swCThqKOdkZPkV2C_xy0c5xP0yJh6JfZ2tyrPA9Fg,Indiana94#EUW,Iron,EUW1
8DziN1ILOMC0wcYVFK7PwR8CWF_Z4ssKhB4-bzIK2eGcnXlxs4sukHf-Me60EdOO5Nj6Rl3n9cY_fg,FuelJK#9447,Iron,EUW1
FQJ6s9dsLUEeKSUurFpVhAyAqE0f5q2zbg1HIE97gxKJRQDuE2NBw9e9qXBbWRyTSRg446UjA86jPA,BURTONTONN#LOVA,Iron,EUW1
rgwuT6xR6Ckc-l79_BvdXYm4S1VjjRT92o8Gn2ks2olODB5hiWlw3w4epxguGDCJtaQdYnWIgPXhlw,LickYunaraAbs#2934,Iron,EUW1
4ZlWhXRfZXS5Oa6BDlSO40KqOW_6h56lazWjre1r3MUldMwyk3xAhuY9o5p1D4szWqVRhXz21lXLjg,KaiaBlaei#KB10,Iron,EUW1
asIO4-QRWf1prWoo-4YnK2J3Pger8Jg5kCisROuYdPWf2TNRCu4WUDZT5BbW7QGxcKUcHmhNkYLajA,ghost boy#titi,Iron,EUW1
aFVvwlCmhu0Y3NxIlN3EhpGkLBAJZojHCcWGfJou4fT0H94KhrQr_bkUC6cmjt3Iydy3bpaJ2O-Ptg,dbol#5991,Iron,EUW1
saayaaowO8ljV4isjidRVQAWHoPwyIaLhCjq6F0d7_bEAtvPUIWnQk6JwXgqXWslK5F2os67Ox9BXA,iDevice#3003,Iron,EUW1
-6GTy3MIe3mhqQEKzr-vGSWEjkQno_Ot0t87Hoi9UO98wbo3OwrhoasCKO7HOKKcopcBh4BYts1R5g,SeekerBlood#666,Iron,EUW1
hHPDS5D1BkAQ9lxHwYSjemDGByGtzdzirNbCwG5vFZ--eECxTwbYK0yLIcvpSqtp5hYFlZ27g8-YMQ,V01D#B42,Iron,EUW1
yAXGiG-NZyht1wSEhKCSQk5P-hF6E816yEFboB9oO0MzopAKJpdR8p6RSYraMGdUJRR_qFiqZAaqAw,冷たい男#4545,Iron,EUW1
O-0sbFlho4ZtjYBEpzDbaV5rsbqTh9fSjdxw3wqIRTI0Z4t4Lcp6uzXk2swZ93NgXN1uuPyhJOxADg,MamaLeVrai#6648,Iron,EUW1
ABjCbxwYerPyj_9JxtTh6fv3ek1FEOHjnFZPAkwVd1E9tOUTFMgnDhr2iZVSUT1LpFTzfLqeHcRmpQ,sevntiz#Youss,Iron,EUW1
lrkq_Z-fT6pvLMQclBPR6GN2QpPD0t_iGl6EjQKJRlT1NWQXWvIkDFyMB6gQWMGr4SjaYZU7kOw0Ww,LeagueOfMyFam#42069,Iron,EUW1
ONHA6Y5ZRR48sNX0cdbHapGE9itR7VYw1jodaOTDFSS6kee_wnSfjZ9Hba9btFoUDe7qCBWW7IRPXA,xAlex1210#1234,Iron,EUW1
NtjgyLcVSdp5spTRLjc-P64T8LagxrAn3cUj7SIUs7wnJVaKpAdevQ97VesrK_nM173o0lJldqr3ig,einfach Habibi#joher,Iron,EUW1
y0KKxeQT7CwIJLbj3lnqTuP0sa3QwhXa35CSdHYm9ppS9Huyyin6Vcku-7QxAm_qrrQorpyiD6Actg,eliabene#0303,Iron,EUW1
AQVgiRZnLikM1rk1JOKnJsm0k8h9PM1pd3TeCWtIQnUm8EXIsAKnsG8Uq9o8q8eBfOEa7VK536zwJQ,MaïPew#2405,Iron,EUW1
Wo2bsPLIpv6_BcZwNvr-P_FDzdLS4B8W-2s2gacpP7d6BP7E-5deAMbGXiKU2Z2-xIolbG4sTAgZLw,MandariNut#EUW,Iron,EUW1
HdRmRgJQBFlAYB_P6pdx5RTxq2a--uJBYbN12udicbvdjC5Sy6AK7mjCADoyyRedYW-dJOQM6fVp6g,coaxy#999,Iron,EUW1
Bf5pUCEu1ojk48qHgA1VShF3TQuhAq1OqNiacB3qlL50LdIAnN7EzIb_yp3o-P4zoof3d2ySSm4COw,Rogelioti#Rog,Iron,EUW1
dy44zs0w3EkjY5SRfwhOa8Y9X18-JqRcKihKTltSdlIj4SV8-wg33duiwNc5YZazvyV3BEbLP8bPcQ,KanyeEEZY#W6RST,Iron,EUW1
FmHITXTJFolT9xR-L9nvSSLyvhHeWZ5VPrIhzmFqQuXOduZJydDmYjXGJpuQBzUpABVNaeRy3PSL_A,ELKEBINOFF#005,Iron,EUW1
7DOgXlZwPjtzw7pYew1GLgv4GbAUr382X3ubZ6k5zmNrPpz7mhULeuUuFzisLzBd-Ohsib9XSE-UCA,Eureka36#Eka,Iron,EUW1
ZJ68J7DLoKqiYu6G6cdM5ivUreqYbtMRQSVKY2HvZ-K2r-2ASR7jLmYaQQ_eDMsQlo1UGbRN8uymOw,Diavoliko#TTAS,Iron,EUW1
G_Tv35GOtor3z8meITcFfjTs3UisMEkRTOgdTAJvXZfjmvIdmnmgCHTWrg5MWlfZ9v2cZqQ0VUlg8Q,blackreaper45#4545,Iron,EUW1
EXoOab8O8kYA7VqVUh5b_8J-5GAv14IXq4vjGLFB0-3bc5nIH-6sMe9PllxL580I91G2A8LmpJoafg,magma ca #EUW,Iron,EUW1
Md0MpkF-yCk7O0QMtdCASU_NBp0IHJ7bH_DcFs45Dm7BrSYKwjSIawFo22SM4vDqUd6xStWLA5xkkg,IkeTHD#0001,Iron,EUW1
uJNKMuoyss3mtW9cPXXG_ubdzNFO19gpk9geLTo25g8C9q6SH9TF9wnuHIS4HZmjEu3o7oi5pUJENg,Captain Joe#123,Iron,EUW1
7jKorEtfc6P4n7N7OqtUaSqfuBD_5MJHaFezkom5oCLTHTewA39drNspaJD3inz7KwOf_D-LLLBjmA,Alban#2208,Iron,EUW1
bZyuaAOepMwl3B2xM42i8U2vZJ93oAV13VBGu4U9lAjN6OBfAdGpU4KXpC4gZIodIWwrOXTBby0Gbg,Jonny6487#J6487,Iron,EUW1
5s2-aaN6m9ESws9vdlrtJ9kTEZrXx4RcYUxaUDOeovYZ2WeF79GcT4JwdEcR9OtNynU1R2aGSa0t2g,Midonaight#2121,Iron,EUW1
E4N4GtI0It_g4-OvpmD9iSpCG9NLJPaSQBVpTSj0M-wY7dBfCCUWgoBxQCvAge4pxDBmzdCxPfFRPg,xoOPoleOox#5991,Iron,EUW1
FklV4zPN-Te-nGy2mWhV9joNrqhROoKgusJ5a0ZTnHYcuCirdPWc4ZLMj3AfjINHHnTA9zLE2Rgq4w,Ic3d4ncer#BDK,Iron,EUW1
lmSSqVSK93n_SXulE9YZcg7TraqZz3v3AnRBdnf8TRtHPwVdOUgBnfMPL_DqyOpMCZAnCrWLUpaoiQ,Ｆａｔ Ｆｕｒｒｙ Ｇｏｏｎｅｒ#Munt,Iron,EUW1
k4pGU1b4OGa23pyHK81SKnENDy-B8OzkKbf_ggQwSmGY531hq8jDQgec29Wr2e9JOnwT01CzjjG8YQ,JakeyMalteser#4921,Iron,EUW1
nRQoS1uxX5cVkZPOg-81sYhF2qx7B3QE15XiGnxwA1SUD6RbiScOPA4F4eoEndqsjLyX4gpLRxLIdA,mohamedmzmm#9276,Iron,EUW1
VtrCothgtRO5F9UOeHlqdKNzf2cffazQlNu4XnJ8pe7PBCf1yNo-i6g5ZBaOt0Y6_FuhJDiVQRW9xA,KC Slix#0000,Iron,EUW1
PL-VOGV9qUlEPwjQIr71pAWfWe-ou2yCD45qbCF0xu58Dx-y6gsKxgIBgq9cJnmOD4L6ibe-p_4WHw,Bahnek#4682,Iron,EUW1
J7lhmNbDQM5tcgPRWb7bPKfSSVy8UDOewx3jEDyhlaRbb4M6HnVJYuf3JU57AZmjV5dquYqOdSIjwQ,Maadd#1312,Iron,EUW1
f5mr4x_mLqL5YdZZOGAlVfPvgo4mU6YhngYA_MltZDyTeR0D6T5ilqELQsFCaWcOUkKyFfA4Ucg5hw,DocPetrik#013,Iron,EUW1
uPO9XQ6j70ERu45He_Hpy5DWEMMOkfY0n2v4CkLMTSwI3kXTxFDwSr0FItd91EFQWEA9jWJ2jle3oA,Izcak#777,Iron,EUW1
rAG9ZrH9CVPEMxjKBkue4UQvnWYMYbk-7Ej1yWwMBymh0Y8TfCdO8WjTQrfoGzskRp30mhG2I5O21Q,OnlyPied#Miam,Iron,EUW1
TZPXtP4KuhDfQZfK4mHLb662U8ZlP_otybQRFWXIr0R6tkygYHXRqncdPk8IJH41WMy26ExZmOq7TA,LittlZizl#Litle,Iron,EUW1
ptyrmaVDgBMEs1-ZaPbaPiCtUgxmsMH7RV1shzgFm3DKaR_ZND4E3GpqoPx1e9h37zom-lRLRcXjvw,ThyBeardedDan#LGBTQ,Iron,EUW1
3y1aD8zlSbon9zP9ihxzQHNAYlJneSgqOss3T0k0Hto3_fPMAJ_5G_9vE86mv_okzaduuw17HbK_GA,yussef21#EUW,Iron,EUW1
KfNZkbBCG0kpnb3I5hLe0acjEKxbonigg29sU8tK38ayBHKo2rud6IoPzUFcbzs5V25gMCBfbbiIXA,StickFidder123#EUW,Iron,EUW1
eqJOf6IRtJ6ous8e2aizZvG1VVYf-o76z6LnM8nDxIXxpvUecB-Tsb8t_0gA1aTvxJBKspYcFCbFgw,ChinnPoTV#55990,Iron,EUW1
mvKdsAipMQRxfEgS2fKAbjSSCoXvzEvaKU0YjXp4RFqW1jBG36tkMtHnABVog5Q6L9WdllEoUFSBjw,Tapoué#EUW,Iron,EUW1
ymFwYqCri5kdYT9PSEMbRwjOLqRS6-NgtP8BY7PMe8duvskQfvAwKadoBst-dpBcsOFsCK5EtfWEzQ,MonkeWorms#Ape,Iron,EUW1
jHufgl4Zb6g5iUkB5aCz9kcSWGoAYQOv_iRy9l2btGlZakuF3Ha6yc5ZU-lk-vFZiLbZ6ah6Z9L3gg,JglDiff1V9龙#ZOB,Iron,EUW1
I5SK-laJeiK0jiNj4sCh_PHzUcR-tLrxYKP3P0fl6DFuG2U_OqZ2bdWX2iv2G2XjKEKz0UuxXWUnJw,ddcgame#EUW,Iron,EUW1
zubZOtBRegoHki054BvxshaTuLdl501SFyoSeCwb93KiJ5gsepFDL_OHl93pfP90BuhcY2gXgfW8aA,ExtaZzyAmneziK#4138,Iron,EUW1
DNG7BZiB_qFjK2SLhpe30HB7aLXiRAsmEeA68Ahp2lC36U72RwGOdDX_7XizOeTsHBQsSULGNpW9Xg,EveliO#4537,Iron,EUW1
kJ_wIQ_tp3u4hSdY3h9D_1J7srYtZstv11UACzOMOvJY1lJ3S_qmlYc30rDaolFqcxOZdQ6zMZGOpg,mrborsvlino94#EUW,Iron,EUW1
o991xjhKWaQHEn7omCPqbCHAOIc9dF3zbsYXLyC2N--Z7Y6GaaUmmyEc9OzoEfryJkasDpzu6L7OPg,jalastram#6166,Iron,EUW1
Mws9iOtcYN2DNKs7LFdCkryVVQ8dnKgAyVbqTj6dGuunLMXkrKYj1XIZtRV3cSsgi0tO-QGKsLcXSA,D1fficult07#EUW,Iron,EUW1
q78wAaAjbgaOlcXn0iIbSoMLrKSc3rXj864qkEAhS7Ta_uU5q-SNlvYnGn4bAMwOEC9lLd9GELLQvA,TingusPingus04#EUW,Iron,EUW1
PZeLl0ql3ntkuSMuFNC9VCS0CD75xxow4Nd0duAocOWuw712EQ7MIBt_vsS0wSjvTa0aZ9Gug_WqsQ,AKNDZ#9405,Iron,EUW1
AM5o9QATvw2P7OfWsvYOBu0blkHhRQw5KXmWeQJKaAM8cCd8HLQ_B0WcLq-8eRnVN0mScdxlR6aqAw,Pommespanzer#17166,Iron,EUW1
-NHveWc8VThBPdDlZDly9oUXmqlVuQ0PQyxXnjBRpu1xVQL4xZur64E401VcWamAhjZpIqGOLcX-MQ,NightsK03478#EUW,Iron,EUW1
JlhgxplDpdnWV6wTpY90j_v46QuIHtKYaLhp-6RC8tkbE20KzKuJl_uDPJ8ZhjCkFs3EQfC4PCwa5g,PIPO#2265,Iron,EUW1
mUes3KSwaglS0WQeHt24NtI9HDlk2pMbMEKY4BLMuJCh_5NjB6-Bh7tX-iQS7lloz5xIZ4VVWCc5Vw,kansante#EUW,Iron,EUW1
eBG3yAcOnmbfOI3rti5soQ30D9mlrNRN_uhOL21d6H51L0TDTTFThmmXssrKEXFrVsRBAuU-r2T5tQ,L9 Zac#ZAC,Iron,EUW1
tQVUVByPcHwY3dH-jS_bjEcFTs4XELQOcoTVpQimymg5QX1DQPR6hKQNSdIKDE4-52VndLnSRRnDGw,beerkrug#1384,Iron,EUW1
QQ5zDxTKP3V_XaRDwa4k6NWBuPS1OWdofPd6faxisftiGhkreOuWl86_TyKwqUSSUfkuX-JNZaVeUg,freguuu#4562,Iron,EUW1
3T3cq1ETahYR_L_pftEBEktiHBK27l6DQh5EdrMSzZxgEKHAwdpVgI-9097hTbC_Y-kWDsAjhqkJ0w,Sartreuse#EUW,Iron,EUW1
665nN9P1ABrymIHDQ3r_LXkb02kljSKv7rL9S_5XW6BXGeZajvLIknL29u3WwlXFU_AH6xfr3Mu5bw,Keschua#9747,Iron,EUW1
mpLaFZHVLWvH5ag6Qp5BTVmLTyj0-T9-dPq_QEFtx1Q-mbFUSImuxojuG00EilaQxX3tRsurdWd_hw,louwack38#EUW,Iron,EUW1
7CFBs2GawsgEbM8cb78WsKEl5wcB3nElP2mP54R1DvwDsP7PIiktUzw5P4JT7u190AWpLI-lyz11Dg,SwainaufCaine#EUW,Iron,EUW1
_xlGRXfKCgug_kZas25nj6J81B-kq3Yt_ib6i2n-aIA62hSruonru77pNgIJYYTtzfUrby-NugTbqg,Nadir#2258,Iron,EUW1
7mwu2OD0K8RPQFhwgPEdoaNaP37KXSgLv9XxCRNT0tba6M3QtHH88Ax7H6a3SKq3fgJLCmJMX_1RfA,Erzaline10#EUW,Iron,EUW1
92z-HVGl-IAplicB9yUBPvUksswIsHeL9I72xg658m5SEiS2_E3hTaMc9G9K_IMzdCsGRHdUFn-mcQ,adripuerco27#EUW,Iron,EUW1
CmDVy_IS_NGCPOYNkgOGrKKt2Kw3fzRKJPeHsf_k7JcYLLj4oVHRoiAYQarOVEM8jJdZU6nWCyQPTg,Ph0s#HNK,Iron,EUW1
pqoXvcL9Bd2PSRSmx46jYXTRI9bb02PrDiZ-BjQb76dPyOV4qE36oL-1NFQGNYPnIYxdKZIvUkSxhA,Riks57#9511,Iron,EUW1
p_PiMB_gDmRzrG5UW2AaL1L9BDAPJLSolXld83lRmXBBmXa63EPMHWjyMzDvB3LtZF7vuVXfEUpGDA,Ostzonenbewohner#0381A,Iron,EUW1
rtwhWdyb5j0y5uXPNNWpJ1v-9_24o4dyvKjDCOLF0k1GX7WhFvI05TD9jaDJ-zzPLOYVp-74twEROQ,Seiun#1303,Iron,EUW1
UK7Z8W24-exqKBQSMT1IpomM_3s3iZfGG_rnLL8TVSWfo59w38dqo10yQ5YSNAoBwem2gUdojl_97w,Strucki93#EUW,Iron,EUW1
rjPKdsm5LgfV9tJ7JTDd6z-hEfX58B52H2fS1rPSyKpovi-2ba61MY5Glz5yKiUI7UXGde3TsCYLtA,beaucoolle#EUW,Iron,EUW1
1l_u91a_5T6Oa2-7WL8nYl8GSni0FPED8jyJZeraHNjaL3AUmqgZiadpbdyYCMnUvNFEnT66iBcVCQ,lizvxc#1498,Iron,EUW1
xK0v4dJOgiMXrxZujjuYQTeRuAngEAsQVBXAp6SGXqtSxhE6xOrjaNFLfgY_v-2KygVYTGV2PAU07Q,yaakari#EUW,Iron,EUW1
7QAWmT4AKyLKK9ozyTie-kt5R9LBy_B6HhJx7HqdWHdfD0uRDifRLQbMlxoNp3MhVevLSy7EqC2HcA,ThatsMeJoao#EUW,Iron,EUW1
P2duqonf5co2fk1f9nK2lzjUfxVtJjpRSZWsds_RLoCib5zQlloKSfUiDDVIb2dcyKSPESMP7gLU5A,Glennybot#Bots,Iron,EUW1
d-uW4ydnjKfN8KL7-mCDPfUdRTwg0QH79NWsr2Kg9Q8RYO2erfxvpky1WXBf5_JeFCQ3lIJ2rFSDrw,Weimzzz#EUW,Iron,EUW1
avi1gCdhUFuYUrJhHBSlq0SBJ59TSxcb6bUBxG6X_zMZJTev5hdVX2SCZSSxSsoPKDTdjsH-6-qWvA,KuRoKe#KRK,Iron,EUW1
YhOS6hJuj9ARQx7H8IKvkkpNyV06QolSdxI1BjrpKM7LSNIA_loJ2pIQr8TtAJjR7_zil3tXakldOA,LEBLANKING#6006,Iron,EUW1
ctQMYd0Im9Jxjh_x55VluKYnrDj_zNZ-ClLx9C5jD0qovdvBbJmMAg6Euo05ZfXZDRD678DAT8UeFQ,Tixo#0119,Iron,EUW1
MD2f0-Jm2Oizrokm8F1X-mEg06sPukJxCtDgKOZMlkzaN_lHsIi9w1pcdAj2TsIi95uCvo_1ttcs1g,AimanSWG123#EUW,Iron,EUW1
up3_n-9RgGY_DPRQrtApwXpY-jRHR5sQW8G86iX-8p9VB64PUdqscNLVpQqHHdgCUwVUavIuGFsivA,zowaaa#6496,Iron,EUW1
qBbWt-gJvzEG-8pZXJOQX22LImLHYwQDj-tVPSyeHDGYgB8p041xOlBryl1TLs79ANSGJaRKvDDOHQ,WOUTM#EUW,Iron,EUW1
JRMNSSjqFEX0LPjajtZf2lUsSiLv4qZgnt65KV9RUna-d9MkrCVULqpl5znKCUUC5tzpKVknBmfqdQ,white#slpy,Iron,EUW1
tED2G5UapRBe7jTvrLFLjKeX7Dyz57yuWy-S2o9yqpuRJCLvmKwvmbsV3T4OSesKN0BD5oCxBWvEVQ,S O C I O P T H#EUW,Iron,EUW1
YFwthKeUll7J3f2NB3DSkWqysH8M2ehzLswkwaJiTTm_CqczvWm-JSWxtQYXhEN4kwamlPJbEvSOsA,I want annie nkd#55555,Iron,EUW1
qWLPF3BMC-s0qSxM7245jRp7zP3MkdncxgZ50Ms9rDf3_6duZMpXymQx4qbcYdnIY5Xa3AJlNLWDtg,candy B#NPC,Iron,EUW1
9fc4MNoKDKPNDdVLk47517muBU9cSxPqNMJI3lbvid2wQ_Ea1_-uiiI6zjYuPifZ4B5yg0jOjGwDuQ,UAlina18#EUW,Iron,EUW1
hdVnJNpT12Ukh70L1ZNw-_vlQ_i5_w-QMrMulEmF7Ln-8_yFqa2i5O_ZIhJLPW8bMIRqDjyDLe3Dcg,Tokyoto034#EUW,Iron,EUW1
ayn9H_3fgiTqtTnW9K6p0YqnQ7fxgrZLGINChIIbVjtQ37r_Sc9dBpOxO0ZtNspcypROIvIT5Vd-Fw,Aaybangg#EUW,Iron,EUW1
09jkfQMcKDcsB5LF61UkMZzVkDcziLkZ4Gew792Q0o5KfYzzPDpf3LYjodQxgptI8z0XdJA1Ef8rUg,araleboss#EUW,Iron,EUW1
EhkVOeQHpS4tvwi7afJdWcqeVhRzX-pUCgJ6cj3G3HRsBFw_pk3dl1sBMvnL1Q27NA4Ny0mGpf61pA,Awharuno#EUW,Iron,EUW1
4z0aMW_JkoiEG4VMTJ20EbgK9vMojcwTfODbX4GzodOYk2Up29aHb_aRTUmcsj5sG14YEGnWOp5UxQ,ZeiZei#KISS,Iron,EUW1
yhikf3xfwMP2B-r5ctDuHHX5yyTj-xL8eZmzz8q-xf50gBqU4i5TfFYLYtxV4kMerWkFYTjAQMmwsA,V4LKY#EUW,Iron,EUW1
CIOO5yUw81NB1bN5_PazpYO1_jdRRSHeFAP3VlUtQPZeQW8WpL8Fg77tz3yMzgk0WuIunLfJPEjaQg,Acuaram#EUW,Iron,EUW1
xYA5EGec42LQdOCZLksSeL34XqZJ9BnIug9L34vP8AX4ToIEBbCYzRO1x4an3wm-80lu6-rW8SFvMQ,Percebeboybroski#1234,Iron,EUW1
gugfSuh0jx-odEw35wdwOc33I6KjcKTmJBIT5e6LmVbPAwy1v3YfxwV4CuABPXlhN8lE88PNmfEZQA,juandaviid1010#1906,Iron,EUW1
Gd_UtX2mSa1Jqb9EXvya1Qg3uWZaWfnz8dCge89dbUw-oeDpyP4wUzuW1Dq1Q3Qg2odKdCjrUO5khQ,Nallebaby#EUW,Iron,EUW1
IZnkMk2mhIm_V0YSB0vwNcKelIaeiB3Gt-S3-jtx6ncQ-K5RWOL-rP3iYRJENBPZyxKcVjzJx680pg,HeylKernow23#EUW,Iron,EUW1
la13PqYeoXgfraPjZ3lsT93wmU4aZkho_de94UOE86Gpdby8XlyZP2x2NTVbGvc99zieWuaclIlaJg,reinasthe1#EUW,Iron,EUW1
sPlcKAaAZyj3SDCcYnhQMlKzTw9y8hXFwrJx4QceXIX-dJtgl3S5N-BXf3XbT2sD7GKUrkaoPxI_uA,odkyravz#EUW,Iron,EUW1
28fncWf2pIFtI9F8mDuvrXtpixrCAttd200kvvGJ6WMM52BQzNsyCPGOm23GOmaYq97l2dJ6cnqo7w,Kayn zoldik#EUW,Iron,EUW1
oNSEEcow6SKyoo0vTeQLriPWz0yuTSjzRJ1-jSDh3y7PkxjKOyBhJIKZtpPrjz000qsCbcjqDlZSQg,RaBeMi#ORGMC,Iron,EUW1
FljXnnOgd9izxx_Xdik6kWrOi3tnJ4jpIVDhCrl6uV59MBzF6wcOWT25fp9XwS6RZOTvwli2ntrzwQ,K1viski#EUW,Iron,EUW1
Fso3ucNV5zqDQQgEWl1N9SLD_8GHSgU_HAKyL4sXzc_ZHi3MJnMcIKx0ezzr-4UebHayuon9O2ShHA,K1ngNlco#EUW,Iron,EUW1
oIGv598ZlwVq9yYkFkybnEJZvs31QSN0BP5yl8tzeVrnaU5NkCzRJii4hgZD6oQcDhM972sSNWYskA,L1zzza#EUW,Iron,EUW1
lr3m6bwDPsGMqjKuWGm_rokhWJPGPeo8F8fjDaFRlLFTBpfP8hYYiU58lNDoppziFWpwgLL22xpShA,I CAME IN PEACE#GLA,Iron,EUW1
n30HFCw--1GScSlXDLKnCCYfTrmuLsnP9hprtxUzkv09ogUGn8qCrHjmyBDX1jwsOlN1gW2fV9H9pw,Koziki#667,Iron,EUW1
711CaUDn-R7lnButO2w3IM3sPNkTDoU8tiAbZwP-Y8IjDhrY-CnWZTwwy-NrlKWuife1doWFTiirUg,MassiveLegend744#744,Iron,EUW1
SB0vhR0mXzdp_A82nQfdFmGpEtgMddUPxBjdbZoF7PkUlOL75b-wroW9N-HFdeBUbFPDmOh09TWN2w,TheLegendofHamza#EUW,Iron,EUW1
0CvhZ3HjO2fwufUYgOjXencLzR6TMF_1BRFctmwbEx1Vy3AQkApjzLeqmv5uCNiAzQ-_5qVYHK2M8A,joaoloco17#EUW,Iron,EUW1
S7FC517s9vNgCkxeHamjZ-k7rkQyhPii85FB1f4geAV23jIUYPf0dAESpmWgqYz4TlzMQlkvyomZQQ,Denkzswe3de#EUW,Iron,EUW1
dZUwkNoMKas1MZ-TcmabYb3KLIZJqtS2bkiXYx2G-3-PKVt3gFAXAj8m64B_3G1lSEmWmbOgPvvUmA,Feuertoaster#EUW,Iron,EUW1
jk_6VBycju9yRbciqlu9Dkhb93mjHTBLRtKXFmFmzTs8qGeQTSedYfvLp_zIYFliMBq54uwHQYf6Uw,Martijn1221#Marty,Iron,EUW1
SS6ryrWhs7DRRYTyIeUGF-xceopvTo42cnhCxtp-MHuaWXv5uUtFSIs4h-LvHXFxp0f_QhUabe13YA,batotibato#0077,Iron,EUW1
GZJ5fm5_OkfEPS2zr6-P-B_IJ-Nz7av3hn6rNi4yRSqv9DKq4hUQBfySoKsYkZMJ4wFVXieUXrxHzA,Seeeqz#EUW,Iron,EUW1
SIOq-qiS1vbF3qkYgEfAJHvGSpwG-FnRyaC0utzkiaSFdV55mw6uxUogoLXyYLpcCZoFFusZosXUqQ,Kusanagi#xvi,Iron,EUW1
KB5lqWs7kZ3Vb07gVPDmmtFMw75vA_y2W7N-kDyPVa_IhYt49mW9wfz6DrUWUHUfO_vF0Q0Ie0OKug,13PöBeL12#Pöbel,Iron,EUW1
